id,role_id,skill_id,category,weight_raw,weight_normalized,expected_level,is_critical,threshold,penalty
1,11,5,Language,1,0.078412,0.9,True,0.54,0.05
2,11,30,Language,0.8,0.06273,0.9,True,0.54,0.05
3,11,35,Language,0.4941,0.038744,0.65,False,0.0,0.0
4,11,16,Language,0.4471,0.035058,0.65,False,0.0,0.0
5,11,273,software,0.6471,0.050741,0.8,False,0.0,0.0
6,11,330,software,0.8235,0.064573,0.9,True,0.54,0.05
7,11,68,software,0.4824,0.037826,0.65,False,0.0,0.0
8,11,135,software,0.6824,0.053509,0.8,False,0.0,0.0
9,11,96,software,0.2118,0.016608,0.5,False,0.0,0.0
10,11,163,framework,0.9294,0.072876,0.9,True,0.54,0.05
11,11,166,framework,0.8471,0.066423,0.9,True,0.54,0.05
12,11,191,framework,0.7647,0.059962,0.9,False,0.0,0.0
13,11,171,framework,0.5647,0.044279,0.8,False,0.0,0.0
14,11,231,framework,0.2588,0.020293,0.5,False,0.0,0.0
15,11,363,knowledge,0.6118,0.047973,0.8,False,0.0,0.0
16,11,390,knowledge,0.8706,0.068266,0.9,True,0.54,0.05
17,11,270,knowledge,0.7294,0.057194,0.9,False,0.0,0.0
18,11,405,knowledge,0.5294,0.041511,0.8,False,0.0,0.0
19,11,422,knowledge,0.4588,0.035976,0.65,False,0.0,0.0
20,11,286,knowledge,0.6,0.047047,0.8,False,0.0,0.0
21,61,25,Language,0.6094,0.100515,0.8,False,0.0,0.0
22,61,30,Language,0.3438,0.056706,0.65,False,0.0,0.0
23,61,273,software,0.2344,0.038662,0.5,False,0.0,0.0
24,61,116,software,0.1719,0.028353,0.5,False,0.0,0.0
25,61,192,framework,0.25,0.041235,0.5,False,0.0,0.0
26,61,165,framework,0.2188,0.036089,0.5,False,0.0,0.0
27,61,205,framework,0.1563,0.02578,0.5,False,0.0,0.0
28,61,238,framework,0.1406,0.023191,0.35,False,0.0,0.0
29,61,319,knowledge,0.9063,0.149485,0.9,True,0.54,0.05
30,61,328,knowledge,0.7969,0.131441,0.9,True,0.54,0.05
31,61,395,knowledge,0.7656,0.126278,0.9,True,0.54,0.05
32,61,277,knowledge,0.6875,0.113396,0.8,True,0.48,0.05
33,61,323,knowledge,0.5,0.08247,0.8,False,0.0,0.0
34,61,339,knowledge,0.2813,0.046398,0.5,False,0.0,0.0
35,54,25,Language,0.96,0.095745,0.9,True,0.54,0.05
36,54,30,Language,0.56,0.055851,0.8,False,0.0,0.0
37,54,7,Language,0.24,0.023936,0.5,False,0.0,0.0
38,54,330,software,0.7733,0.077125,0.9,False,0.0,0.0
39,54,68,software,0.5067,0.050536,0.8,False,0.0,0.0
40,54,94,software,0.4267,0.042557,0.65,False,0.0,0.0
41,54,225,framework,0.8667,0.08644,0.9,True,0.54,0.05
42,54,250,framework,0.64,0.06383,0.8,False,0.0,0.0
43,54,199,framework,0.3733,0.037231,0.65,False,0.0,0.0
44,54,238,framework,0.4667,0.046546,0.65,False,0.0,0.0
45,54,306,knowledge,0.9333,0.093082,0.9,True,0.54,0.05
46,54,329,knowledge,0.8,0.079788,0.9,True,0.54,0.05
47,54,369,knowledge,0.6933,0.069146,0.8,False,0.0,0.0
48,54,359,knowledge,0.7333,0.073135,0.9,False,0.0,0.0
49,54,286,knowledge,0.6,0.059841,0.8,False,0.0,0.0
50,54,290,knowledge,0.4533,0.04521,0.65,False,0.0,0.0
51,19,15,Language,0.6667,0.091956,0.8,True,0.48,0.05
52,19,30,Language,0.625,0.086205,0.8,True,0.48,0.05
53,19,25,Language,0.4722,0.065129,0.65,False,0.0,0.0
54,19,35,Language,0.2778,0.038316,0.5,False,0.0,0.0
55,19,68,software,0.5278,0.072798,0.8,False,0.0,0.0
56,19,117,software,0.5,0.068964,0.8,False,0.0,0.0
57,19,36,software,0.4306,0.059391,0.65,False,0.0,0.0
58,19,96,software,0.3472,0.047888,0.65,False,0.0,0.0
59,19,242,framework,0.5833,0.080453,0.8,True,0.48,0.05
60,19,215,framework,0.3889,0.05364,0.65,False,0.0,0.0
61,19,163,framework,0.25,0.034482,0.5,False,0.0,0.0
62,19,390,knowledge,0.9028,0.124521,0.9,True,0.54,0.05
63,19,363,knowledge,0.5556,0.076632,0.8,False,0.0,0.0
64,19,270,knowledge,0.4167,0.057474,0.65,False,0.0,0.0
65,19,375,knowledge,0.3056,0.042151,0.65,False,0.0,0.0
66,89,13,Language,0.8871,0.114346,0.9,True,0.54,0.05
67,89,16,Language,0.7742,0.099794,0.9,False,0.0,0.0
68,89,141,software,0.7258,0.093555,0.9,False,0.0,0.0
69,89,45,software,0.6452,0.083166,0.8,False,0.0,0.0
70,89,76,software,0.5161,0.066525,0.8,False,0.0,0.0
71,89,231,framework,0.4032,0.051972,0.65,False,0.0,0.0
72,89,171,framework,0.3548,0.045733,0.65,False,0.0,0.0
73,89,433,knowledge,0.9355,0.120585,0.9,True,0.54,0.05
74,89,432,knowledge,0.8387,0.108108,0.9,True,0.54,0.05
75,89,344,knowledge,0.6129,0.079002,0.8,False,0.0,0.0
76,89,322,knowledge,0.5806,0.074839,0.8,False,0.0,0.0
77,89,270,knowledge,0.4839,0.062374,0.65,False,0.0,0.0
78,8,35,Language,0.9722,0.107032,0.9,True,0.54,0.05
79,8,16,Language,0.9028,0.099391,0.9,True,0.54,0.05
80,8,13,Language,0.8611,0.0948,0.9,True,0.54,0.05
81,8,330,software,0.7639,0.084099,0.9,False,0.0,0.0
82,8,68,software,0.3889,0.042815,0.65,False,0.0,0.0
83,8,171,framework,1,0.110092,0.9,True,0.54,0.05
84,8,235,framework,0.8056,0.08869,0.9,False,0.0,0.0
85,8,244,framework,0.4444,0.048925,0.65,False,0.0,0.0
86,8,179,framework,0.4167,0.045875,0.65,False,0.0,0.0
87,8,270,knowledge,0.6944,0.076448,0.8,False,0.0,0.0
88,8,390,knowledge,0.6667,0.073398,0.8,False,0.0,0.0
89,8,424,knowledge,0.4861,0.053516,0.65,False,0.0,0.0
90,8,363,knowledge,0.3472,0.038224,0.65,False,0.0,0.0
91,8,286,knowledge,0.3333,0.036694,0.65,False,0.0,0.0
92,74,25,Language,0.6765,0.121701,0.8,True,0.48,0.05
93,74,15,Language,0.4559,0.082016,0.65,False,0.0,0.0
94,74,69,software,0.5441,0.097883,0.8,False,0.0,0.0
95,74,145,software,0.4118,0.074082,0.65,False,0.0,0.0
96,74,50,software,0.3529,0.063486,0.65,False,0.0,0.0
97,74,242,framework,0.2794,0.050264,0.5,False,0.0,0.0
98,74,377,knowledge,0.8529,0.153435,0.9,True,0.54,0.05
99,74,399,knowledge,0.7941,0.142857,0.9,True,0.54,0.05
100,74,288,knowledge,0.6176,0.111105,0.8,False,0.0,0.0
101,74,313,knowledge,0.5735,0.103172,0.8,False,0.0,0.0
102,55,30,Language,0.9529,0.143864,0.9,True,0.54,0.05
103,55,10,Language,0.5647,0.085256,0.8,False,0.0,0.0
104,55,25,Language,0.4941,0.074597,0.65,False,0.0,0.0
105,55,123,software,0.7294,0.110121,0.9,True,0.54,0.05
106,55,147,software,0.3647,0.055061,0.65,False,0.0,0.0
107,55,144,software,0.2118,0.031977,0.5,False,0.0,0.0
108,55,127,software,0.1412,0.021318,0.35,False,0.0,0.0
109,55,175,framework,0.1647,0.024866,0.5,False,0.0,0.0
110,55,318,knowledge,0.6471,0.097696,0.8,True,0.48,0.05
111,55,304,knowledge,0.6118,0.092367,0.8,True,0.48,0.05
112,55,273,knowledge,0.4471,0.067501,0.65,False,0.0,0.0
113,55,301,knowledge,0.5294,0.079926,0.8,False,0.0,0.0
114,55,270,knowledge,0.2941,0.044402,0.5,False,0.0,0.0
115,55,286,knowledge,0.4706,0.071049,0.65,False,0.0,0.0
116,2,15,Language,0.7294,0.102646,0.9,True,0.54,0.05
117,2,30,Language,0.7529,0.105953,0.9,True,0.54,0.05
118,2,6,Language,0.3529,0.049662,0.65,False,0.0,0.0
119,2,215,Language,0.3059,0.043048,0.65,False,0.0,0.0
120,2,68,software,0.5059,0.071193,0.8,False,0.0,0.0
121,2,330,software,0.6,0.084436,0.8,False,0.0,0.0
122,2,121,software,0.2824,0.039741,0.5,False,0.0,0.0
123,2,96,software,0.2471,0.034773,0.5,False,0.0,0.0
124,2,242,framework,0.6471,0.091064,0.8,True,0.48,0.05
125,2,390,knowledge,0.6824,0.096032,0.8,True,0.48,0.05
126,2,363,knowledge,0.6,0.084436,0.8,False,0.0,0.0
127,2,286,knowledge,0.5529,0.077807,0.8,False,0.0,0.0
128,2,270,knowledge,0.4471,0.062919,0.65,False,0.0,0.0
129,2,423,knowledge,0.4,0.05629,0.65,False,0.0,0.0
130,56,30,Language,0.8718,0.080095,0.9,True,0.54,0.05
131,56,25,Language,0.7949,0.07303,0.9,True,0.54,0.05
132,56,15,Language,0.5769,0.053001,0.8,False,0.0,0.0
133,56,32,Language,0.4872,0.04476,0.65,False,0.0,0.0
134,56,273,software,0.7051,0.06478,0.9,False,0.0,0.0
135,56,36,software,0.641,0.058891,0.8,False,0.0,0.0
136,56,66,software,0.5385,0.049474,0.8,False,0.0,0.0
137,56,69,software,0.4487,0.041223,0.65,False,0.0,0.0
138,56,81,software,0.4103,0.037695,0.65,False,0.0,0.0
139,56,144,software,0.3846,0.035334,0.65,False,0.0,0.0
140,56,175,framework,0.8333,0.076558,0.9,True,0.54,0.05
141,56,174,framework,0.6667,0.061252,0.8,False,0.0,0.0
142,56,197,framework,0.359,0.032982,0.65,False,0.0,0.0
143,56,286,knowledge,0.8974,0.082447,0.9,True,0.54,0.05
144,56,301,knowledge,0.7692,0.070669,0.9,True,0.54,0.05
145,56,270,knowledge,0.5769,0.053001,0.8,False,0.0,0.0
146,56,299,knowledge,0.5128,0.047112,0.8,False,0.0,0.0
147,56,363,knowledge,0.4103,0.037695,0.65,False,0.0,0.0
148,97,30,Language,0.8471,0.105265,0.9,True,0.54,0.05
149,97,25,Language,0.3647,0.04532,0.65,False,0.0,0.0
150,97,93,software,0.6824,0.084799,0.8,False,0.0,0.0
151,97,123,software,0.4941,0.061399,0.65,False,0.0,0.0
152,97,130,software,0.4118,0.051172,0.65,False,0.0,0.0
153,97,139,software,0.3294,0.040933,0.65,False,0.0,0.0
154,97,73,software,0.8,0.099412,0.9,True,0.54,0.05
155,97,162,framework,0.2118,0.026319,0.5,False,0.0,0.0
156,97,242,framework,0.1412,0.017546,0.35,False,0.0,0.0
157,97,270,knowledge,0.8824,0.109652,0.9,True,0.54,0.05
158,97,274,knowledge,0.5647,0.070173,0.8,False,0.0,0.0
159,97,401,knowledge,0.7059,0.087719,0.9,False,0.0,0.0
160,97,270,knowledge,0.7647,0.095026,0.9,True,0.54,0.05
161,97,286,knowledge,0.4706,0.058479,0.65,False,0.0,0.0
162,97,419,knowledge,0.3765,0.046786,0.65,False,0.0,0.0
163,16,7,Language,1,0.147929,0.9,True,0.54,0.05
164,16,25,Language,0.4533,0.067056,0.65,False,0.0,0.0
165,16,30,Language,0.2,0.029586,0.5,False,0.0,0.0
166,16,330,software,0.6,0.088757,0.8,True,0.48,0.05
167,16,53,software,0.4133,0.061139,0.65,False,0.0,0.0
168,16,68,software,0.2933,0.043388,0.5,False,0.0,0.0
169,16,52,software,0.1867,0.027618,0.5,False,0.0,0.0
170,16,237,framework,0.56,0.08284,0.8,False,0.0,0.0
171,16,227,framework,0.32,0.047337,0.65,False,0.0,0.0
172,16,351,knowledge,0.6933,0.102559,0.8,True,0.48,0.05
173,16,376,knowledge,0.64,0.094675,0.8,True,0.48,0.05
174,16,366,knowledge,0.5067,0.074956,0.8,False,0.0,0.0
175,16,270,knowledge,0.3867,0.057204,0.65,False,0.0,0.0
176,16,320,knowledge,0.2667,0.039453,0.5,False,0.0,0.0
177,16,308,knowledge,0.24,0.035503,0.5,False,0.0,0.0
178,70,25,Language,0.2,0.025952,0.5,False,0.0,0.0
179,70,30,Language,0.1333,0.017297,0.35,False,0.0,0.0
180,70,134,software,0.56,0.072665,0.8,False,0.0,0.0
181,70,82,software,0.4667,0.060558,0.65,False,0.0,0.0
182,70,70,software,0.2933,0.038058,0.5,False,0.0,0.0
183,70,368,framework,0.64,0.083046,0.8,False,0.0,0.0
184,70,352,framework,0.4133,0.053629,0.65,False,0.0,0.0
185,70,181,framework,0.3333,0.043249,0.65,False,0.0,0.0
186,70,338,knowledge,0.9067,0.117652,0.9,True,0.54,0.05
187,70,395,knowledge,0.8667,0.112462,0.9,True,0.54,0.05
188,70,328,knowledge,0.8267,0.107272,0.9,True,0.54,0.05
189,70,281,knowledge,0.7733,0.100343,0.9,True,0.54,0.05
190,70,288,knowledge,0.6933,0.089962,0.8,False,0.0,0.0
191,70,367,knowledge,0.6,0.077855,0.8,False,0.0,0.0
192,29,25,Language,0.4118,0.069038,0.65,False,0.0,0.0
193,29,15,Language,0.2353,0.039448,0.5,False,0.0,0.0
194,29,36,software,0.7294,0.122284,0.9,True,0.54,0.05
195,29,273,software,0.6471,0.108486,0.8,True,0.48,0.05
196,29,251,software,0.5882,0.098612,0.8,True,0.48,0.05
197,29,96,software,0.5647,0.094672,0.8,False,0.0,0.0
198,29,68,software,0.4471,0.074956,0.65,False,0.0,0.0
199,29,81,software,0.1765,0.02959,0.5,False,0.0,0.0
200,29,242,framework,0.1412,0.023672,0.35,False,0.0,0.0
201,29,363,knowledge,0.6118,0.102568,0.8,True,0.48,0.05
202,29,406,knowledge,0.5294,0.088754,0.8,False,0.0,0.0
203,29,280,knowledge,0.4706,0.078896,0.65,False,0.0,0.0
204,29,270,knowledge,0.2941,0.049306,0.5,False,0.0,0.0
205,29,326,knowledge,0.1176,0.019716,0.35,False,0.0,0.0
206,30,25,Language,0.6824,0.075231,0.8,True,0.48,0.05
207,30,3,Language,0.4471,0.049291,0.65,False,0.0,0.0
208,30,12,Language,0.1765,0.019458,0.5,False,0.0,0.0
209,30,36,software,0.7294,0.080413,0.9,True,0.54,0.05
210,30,273,software,0.6353,0.070039,0.8,False,0.0,0.0
211,30,251,software,0.6588,0.072629,0.8,True,0.48,0.05
212,30,96,software,0.6118,0.067448,0.8,False,0.0,0.0
213,30,68,software,0.6471,0.07134,0.8,False,0.0,0.0
214,30,172,software,0.3647,0.040206,0.65,False,0.0,0.0
215,30,81,software,0.3294,0.036315,0.65,False,0.0,0.0
216,30,240,framework,0.2588,0.028531,0.5,False,0.0,0.0
217,30,193,framework,0.2118,0.02335,0.5,False,0.0,0.0
218,30,280,knowledge,0.8,0.088196,0.9,True,0.54,0.05
219,30,345,knowledge,0.7529,0.083004,0.9,True,0.54,0.05
220,30,363,knowledge,0.4941,0.054472,0.65,False,0.0,0.0
221,30,270,knowledge,0.4118,0.045399,0.65,False,0.0,0.0
222,30,288,knowledge,0.4588,0.05058,0.65,False,0.0,0.0
223,30,372,knowledge,0.4,0.044098,0.65,False,0.0,0.0
224,32,25,Language,0.4146,0.073589,0.65,False,0.0,0.0
225,32,3,Language,0.1951,0.034629,0.5,False,0.0,0.0
226,32,15,Language,0.1707,0.030298,0.5,False,0.0,0.0
227,32,30,Language,0.1463,0.025967,0.35,False,0.0,0.0
228,32,273,software,0.7073,0.125541,0.9,True,0.54,0.05
229,32,36,software,0.5488,0.097409,0.8,True,0.48,0.05
230,32,251,software,0.4634,0.082251,0.65,False,0.0,0.0
231,32,96,software,0.378,0.067093,0.65,False,0.0,0.0
232,32,68,software,0.3293,0.058449,0.65,False,0.0,0.0
233,32,172,software,0.2195,0.03896,0.5,False,0.0,0.0
234,32,286,knowledge,0.6341,0.112549,0.8,True,0.48,0.05
235,32,280,knowledge,0.5122,0.090912,0.8,True,0.48,0.05
236,32,406,knowledge,0.3537,0.06278,0.65,False,0.0,0.0
237,32,363,knowledge,0.2927,0.051952,0.5,False,0.0,0.0
238,32,270,knowledge,0.2683,0.047622,0.5,False,0.0,0.0
239,80,25,Language,0.5294,0.074843,0.8,False,0.0,0.0
240,80,3,Language,0.2794,0.0395,0.5,False,0.0,0.0
241,80,273,software,0.75,0.10603,0.9,True,0.54,0.05
242,80,134,software,0.6471,0.091482,0.8,False,0.0,0.0
243,80,36,software,0.6029,0.085234,0.8,False,0.0,0.0
244,80,251,software,0.5735,0.081077,0.8,False,0.0,0.0
245,80,69,software,0.3235,0.045734,0.65,False,0.0,0.0
246,80,368,framework,0.4118,0.058217,0.65,False,0.0,0.0
247,80,352,framework,0.3088,0.043656,0.65,False,0.0,0.0
248,80,321,knowledge,0.9118,0.128904,0.9,True,0.54,0.05
249,80,336,knowledge,0.7941,0.112264,0.9,True,0.54,0.05
250,80,328,knowledge,0.5,0.070686,0.8,False,0.0,0.0
251,80,313,knowledge,0.4412,0.062374,0.65,False,0.0,0.0
252,31,25,Language,0.6933,0.097374,0.8,True,0.48,0.05
253,31,3,Language,0.4267,0.05993,0.65,False,0.0,0.0
254,31,24,Language,0.1867,0.026222,0.5,False,0.0,0.0
255,31,36,software,0.8267,0.11611,0.9,True,0.54,0.05
256,31,273,software,0.7733,0.10861,0.9,True,0.54,0.05
257,31,251,software,0.64,0.089888,0.8,True,0.48,0.05
258,31,96,software,0.5467,0.076784,0.8,False,0.0,0.0
259,31,68,software,0.2933,0.041194,0.5,False,0.0,0.0
260,31,81,software,0.24,0.033708,0.5,False,0.0,0.0
261,31,368,framework,0.4667,0.065548,0.65,False,0.0,0.0
262,31,180,framework,0.2,0.02809,0.5,False,0.0,0.0
263,31,336,knowledge,0.6,0.08427,0.8,False,0.0,0.0
264,31,313,knowledge,0.52,0.073034,0.8,False,0.0,0.0
265,31,338,knowledge,0.3733,0.05243,0.65,False,0.0,0.0
266,31,280,knowledge,0.3333,0.046812,0.65,False,0.0,0.0
267,52,25,Language,0.9595,0.103503,0.9,True,0.54,0.05
268,52,7,Language,0.5676,0.061228,0.8,False,0.0,0.0
269,52,68,software,0.4595,0.049567,0.65,False,0.0,0.0
270,52,330,software,0.6486,0.069965,0.8,False,0.0,0.0
271,52,111,software,0.2568,0.027701,0.5,False,0.0,0.0
272,52,225,framework,0.8378,0.090375,0.9,True,0.54,0.05
273,52,218,framework,0.7838,0.08455,0.9,False,0.0,0.0
274,52,250,framework,0.3784,0.040819,0.65,False,0.0,0.0
275,52,306,knowledge,0.9189,0.099123,0.9,True,0.54,0.05
276,52,378,knowledge,0.7297,0.078714,0.9,False,0.0,0.0
277,52,286,knowledge,0.4189,0.045187,0.65,False,0.0,0.0
278,52,353,knowledge,0.3378,0.036439,0.65,False,0.0,0.0
279,52,359,knowledge,0.6081,0.065597,0.8,False,0.0,0.0
280,52,270,knowledge,0.4865,0.052479,0.65,False,0.0,0.0
281,52,321,knowledge,0.8784,0.094754,0.9,True,0.54,0.05
282,73,25,Language,0.7742,0.099176,0.9,True,0.54,0.05
283,73,7,Language,0.5806,0.074376,0.8,False,0.0,0.0
284,73,4,Language,0.4677,0.059913,0.65,False,0.0,0.0
285,73,28,Language,0.2903,0.037188,0.5,False,0.0,0.0
286,73,12,Language,0.2258,0.028925,0.5,False,0.0,0.0
287,73,86,software,0.6613,0.084714,0.8,True,0.48,0.05
288,73,88,software,0.4355,0.055788,0.65,False,0.0,0.0
289,73,330,software,0.7097,0.090914,0.9,True,0.54,0.05
290,73,157,software,0.2419,0.030988,0.5,False,0.0,0.0
291,73,219,framework,0.5161,0.066113,0.8,False,0.0,0.0
292,73,207,framework,0.1774,0.022725,0.5,False,0.0,0.0
293,73,381,knowledge,0.871,0.111577,0.9,True,0.54,0.05
294,73,279,knowledge,0.4032,0.051651,0.65,False,0.0,0.0
295,73,386,knowledge,0.1935,0.024788,0.5,False,0.0,0.0
296,73,439,knowledge,0.1452,0.0186,0.35,False,0.0,0.0
297,73,288,knowledge,0.6129,0.078514,0.8,True,0.48,0.05
298,73,338,knowledge,0.5,0.064051,0.8,False,0.0,0.0
299,66,25,Language,0.5294,0.068911,0.8,False,0.0,0.0
300,66,24,Language,0.3529,0.045936,0.65,False,0.0,0.0
301,66,3,Language,0.2941,0.038282,0.5,False,0.0,0.0
302,66,146,software,0.6118,0.079637,0.8,True,0.48,0.05
303,66,108,software,0.4706,0.061257,0.65,False,0.0,0.0
304,66,157,software,0.4118,0.053603,0.65,False,0.0,0.0
305,66,64,software,0.2588,0.033687,0.5,False,0.0,0.0
306,66,338,framework,0.5882,0.076565,0.8,True,0.48,0.05
307,66,210,framework,0.4471,0.058198,0.65,False,0.0,0.0
308,66,352,framework,0.4941,0.064316,0.65,False,0.0,0.0
309,66,216,framework,0.3294,0.042877,0.65,False,0.0,0.0
310,66,371,knowledge,0.7647,0.099539,0.9,True,0.54,0.05
311,66,343,knowledge,0.6824,0.088826,0.8,True,0.48,0.05
312,66,288,knowledge,0.5647,0.073506,0.8,False,0.0,0.0
313,66,431,knowledge,0.4706,0.061257,0.65,False,0.0,0.0
314,66,328,knowledge,0.4118,0.053603,0.65,False,0.0,0.0
315,48,30,Language,0.8353,0.161364,0.9,True,0.54,0.05
316,48,25,Language,0.6941,0.134087,0.8,True,0.48,0.05
317,48,26,Language,0.2118,0.040916,0.5,False,0.0,0.0
318,48,73,software,0.7647,0.147725,0.9,True,0.54,0.05
319,48,123,software,0.5647,0.109089,0.8,True,0.48,0.05
320,48,147,software,0.2588,0.049995,0.5,False,0.0,0.0
321,48,47,software,0.2118,0.040916,0.5,False,0.0,0.0
322,48,130,software,0.1647,0.031817,0.5,False,0.0,0.0
323,48,220,framework,0.1412,0.027277,0.35,False,0.0,0.0
324,48,261,framework,0.1059,0.020458,0.35,False,0.0,0.0
325,48,303,knowledge,0.4941,0.095451,0.65,False,0.0,0.0
326,48,412,knowledge,0.2235,0.043176,0.5,False,0.0,0.0
327,48,318,knowledge,0.2,0.038636,0.5,False,0.0,0.0
328,48,270,knowledge,0.1765,0.034096,0.5,False,0.0,0.0
329,48,299,knowledge,0.1294,0.024998,0.35,False,0.0,0.0
330,57,30,Language,0.9067,0.117448,0.9,True,0.54,0.05
331,57,25,Language,0.6933,0.089806,0.8,True,0.48,0.05
332,57,32,Language,0.2,0.025907,0.5,False,0.0,0.0
333,57,273,software,0.64,0.082902,0.8,False,0.0,0.0
334,57,66,software,0.5067,0.065635,0.8,False,0.0,0.0
335,57,36,software,0.4267,0.055272,0.65,False,0.0,0.0
336,57,144,software,0.3733,0.048355,0.65,False,0.0,0.0
337,57,124,software,0.2667,0.034547,0.5,False,0.0,0.0
338,57,175,framework,0.4667,0.060453,0.65,False,0.0,0.0
339,57,174,framework,0.2933,0.037992,0.5,False,0.0,0.0
340,57,301,knowledge,0.8267,0.107085,0.9,True,0.54,0.05
341,57,318,knowledge,0.6,0.07772,0.8,False,0.0,0.0
342,57,299,knowledge,0.4533,0.058718,0.65,False,0.0,0.0
343,57,286,knowledge,0.7333,0.094987,0.9,True,0.54,0.05
344,57,374,knowledge,0.3333,0.043174,0.65,False,0.0,0.0
345,40,3,Language,0.4308,0.065424,0.65,False,0.0,0.0
346,40,25,Language,0.2769,0.042052,0.5,False,0.0,0.0
347,40,142,software,0.5846,0.088782,0.8,False,0.0,0.0
348,40,93,software,0.3385,0.051407,0.65,False,0.0,0.0
349,40,161,software,0.2308,0.035051,0.5,False,0.0,0.0
350,40,333,knowledge,0.9538,0.144851,0.9,True,0.54,0.05
351,40,372,knowledge,0.8923,0.135511,0.9,True,0.54,0.05
352,40,324,knowledge,0.8462,0.12851,0.9,True,0.54,0.05
353,40,351,knowledge,0.6462,0.098137,0.8,False,0.0,0.0
354,40,332,knowledge,0.5385,0.08178,0.8,False,0.0,0.0
355,40,385,knowledge,0.4615,0.070087,0.65,False,0.0,0.0
356,40,342,knowledge,0.3846,0.058408,0.65,False,0.0,0.0
357,47,30,Language,0.96,0.099309,0.9,True,0.54,0.05
358,47,25,Language,0.9067,0.093795,0.9,True,0.54,0.05
359,47,15,Language,0.3333,0.034479,0.65,False,0.0,0.0
360,47,273,software,0.64,0.066206,0.8,False,0.0,0.0
361,47,36,software,0.6,0.062068,0.8,False,0.0,0.0
362,47,173,software,0.5067,0.052417,0.8,False,0.0,0.0
363,47,66,software,0.4667,0.048279,0.65,False,0.0,0.0
364,47,69,software,0.4267,0.044141,0.65,False,0.0,0.0
365,47,144,software,0.3733,0.038617,0.65,False,0.0,0.0
366,47,175,framework,0.6933,0.07172,0.8,False,0.0,0.0
367,47,174,framework,0.4,0.041379,0.65,False,0.0,0.0
368,47,318,knowledge,0.8667,0.089657,0.9,True,0.54,0.05
369,47,286,knowledge,0.8,0.082757,0.9,True,0.54,0.05
370,47,301,knowledge,0.6667,0.068968,0.8,False,0.0,0.0
371,47,270,knowledge,0.56,0.05793,0.8,False,0.0,0.0
372,47,280,knowledge,0.4667,0.048279,0.65,False,0.0,0.0
373,62,30,Language,0.1412,0.018408,0.35,False,0.0,0.0
374,62,25,Language,0.0941,0.012268,0.35,False,0.0,0.0
375,62,73,software,0.5647,0.073619,0.8,False,0.0,0.0
376,62,116,software,0.4,0.052147,0.65,False,0.0,0.0
377,62,212,framework,0.2118,0.027612,0.5,False,0.0,0.0
378,62,328,knowledge,1,0.130368,0.9,True,0.54,0.05
379,62,321,knowledge,0.9176,0.119626,0.9,True,0.54,0.05
380,62,297,knowledge,0.8235,0.107358,0.9,True,0.54,0.05
381,62,349,knowledge,0.7294,0.09509,0.9,True,0.54,0.05
382,62,395,knowledge,0.6824,0.088963,0.8,False,0.0,0.0
383,62,387,knowledge,0.6118,0.079759,0.8,False,0.0,0.0
384,62,338,knowledge,0.5294,0.069017,0.8,False,0.0,0.0
385,62,293,knowledge,0.4941,0.064415,0.65,False,0.0,0.0
386,62,272,knowledge,0.4706,0.061351,0.65,False,0.0,0.0
387,46,25,Language,0.9529,0.114563,0.9,True,0.54,0.05
388,46,30,Language,0.8,0.09618,0.9,True,0.54,0.05
389,46,26,Language,0.2706,0.032533,0.5,False,0.0,0.0
390,46,273,software,0.4471,0.053753,0.65,False,0.0,0.0
391,46,123,software,0.4118,0.049509,0.65,False,0.0,0.0
392,46,36,software,0.4,0.04809,0.65,False,0.0,0.0
393,46,330,software,0.2941,0.035358,0.5,False,0.0,0.0
394,46,220,framework,0.6824,0.082042,0.8,False,0.0,0.0
395,46,238,framework,0.6471,0.077798,0.8,False,0.0,0.0
396,46,250,framework,0.4941,0.059403,0.65,False,0.0,0.0
397,46,225,framework,0.3765,0.045265,0.65,False,0.0,0.0
398,46,175,framework,0.3294,0.039602,0.65,False,0.0,0.0
399,46,356,knowledge,0.8941,0.107494,0.9,True,0.54,0.05
400,46,412,knowledge,0.7059,0.084867,0.9,True,0.54,0.05
401,46,329,knowledge,0.3529,0.042428,0.65,False,0.0,0.0
402,46,270,knowledge,0.2588,0.031114,0.5,False,0.0,0.0
403,60,30,Language,0.8056,0.088553,0.9,True,0.54,0.05
404,60,25,Language,0.3889,0.042748,0.65,False,0.0,0.0
405,60,73,software,0.9028,0.099237,0.9,True,0.54,0.05
406,60,132,software,0.4306,0.047332,0.65,False,0.0,0.0
407,60,61,software,0.3333,0.036637,0.65,False,0.0,0.0
408,60,90,software,0.2917,0.032064,0.5,False,0.0,0.0
409,60,123,software,0.4861,0.053433,0.65,False,0.0,0.0
410,60,106,software,0.25,0.02748,0.5,False,0.0,0.0
411,60,270,framework,0.3472,0.038165,0.65,False,0.0,0.0
412,60,299,knowledge,1,0.109922,0.9,True,0.54,0.05
413,60,302,knowledge,0.9444,0.10381,0.9,True,0.54,0.05
414,60,328,knowledge,0.7639,0.083969,0.9,False,0.0,0.0
415,60,358,knowledge,0.6667,0.073285,0.8,False,0.0,0.0
416,60,361,knowledge,0.625,0.068701,0.8,False,0.0,0.0
417,60,300,knowledge,0.5556,0.061072,0.8,False,0.0,0.0
418,60,296,knowledge,0.3056,0.033592,0.65,False,0.0,0.0
419,58,30,Language,0.9538,0.104195,0.9,True,0.54,0.05
420,58,25,Language,0.8308,0.090758,0.9,False,0.0,0.0
421,58,123,software,0.6923,0.075628,0.8,False,0.0,0.0
422,58,144,software,0.5385,0.058827,0.8,False,0.0,0.0
423,58,66,software,0.4615,0.050415,0.65,False,0.0,0.0
424,58,147,software,0.2769,0.030249,0.5,False,0.0,0.0
425,58,91,software,0.2308,0.025213,0.5,False,0.0,0.0
426,58,175,framework,0.4308,0.047061,0.65,False,0.0,0.0
427,58,261,framework,0.3846,0.042014,0.65,False,0.0,0.0
428,58,173,framework,0.3385,0.036978,0.65,False,0.0,0.0
429,58,286,knowledge,0.9231,0.100841,0.9,True,0.54,0.05
430,58,301,knowledge,0.8923,0.097477,0.9,True,0.54,0.05
431,58,318,knowledge,0.8462,0.09244,0.9,True,0.54,0.05
432,58,270,knowledge,0.7385,0.080675,0.9,False,0.0,0.0
433,58,299,knowledge,0.6154,0.067227,0.8,False,0.0,0.0
434,37,30,Language,1,0.12676,0.9,True,0.54,0.05
435,37,25,Language,0.3056,0.038738,0.65,False,0.0,0.0
436,37,23,Language,0.5278,0.066904,0.8,False,0.0,0.0
437,37,118,software,0.6667,0.084511,0.8,True,0.48,0.05
438,37,107,software,0.5,0.06338,0.8,False,0.0,0.0
439,37,121,software,0.3889,0.049297,0.65,False,0.0,0.0
440,37,172,software,0.2083,0.026404,0.5,False,0.0,0.0
441,37,110,software,0.1667,0.021131,0.5,False,0.0,0.0
442,37,286,knowledge,0.6111,0.077463,0.8,False,0.0,0.0
443,37,384,knowledge,0.5694,0.072177,0.8,False,0.0,0.0
444,37,276,knowledge,0.6944,0.088022,0.8,True,0.48,0.05
445,37,334,knowledge,0.4861,0.061618,0.65,False,0.0,0.0
446,37,351,knowledge,0.4444,0.056332,0.65,False,0.0,0.0
447,37,305,knowledge,0.5556,0.070428,0.8,False,0.0,0.0
448,37,321,knowledge,0.7639,0.096832,0.9,True,0.54,0.05
449,59,30,Language,0.9714,0.108104,0.9,True,0.54,0.05
450,59,23,Language,0.6429,0.071546,0.8,True,0.48,0.05
451,59,34,Language,0.5429,0.060418,0.8,True,0.48,0.05
452,59,25,Language,0.4,0.044515,0.65,False,0.0,0.0
453,59,15,Language,0.2571,0.028612,0.5,False,0.0,0.0
454,59,118,software,0.6286,0.069955,0.8,True,0.48,0.05
455,59,107,software,0.5143,0.057235,0.8,False,0.0,0.0
456,59,121,software,0.4286,0.047697,0.65,False,0.0,0.0
457,59,330,software,0.3571,0.03974,0.65,False,0.0,0.0
458,59,68,software,0.2286,0.02544,0.5,False,0.0,0.0
459,59,110,software,0.2,0.022257,0.5,False,0.0,0.0
460,59,162,framework,0.3143,0.034977,0.65,False,0.0,0.0
461,59,241,framework,0.2,0.022257,0.5,False,0.0,0.0
462,59,175,framework,0.1714,0.019075,0.5,False,0.0,0.0
463,59,318,knowledge,0.7429,0.082675,0.9,True,0.54,0.05
464,59,384,knowledge,0.6,0.066772,0.8,True,0.48,0.05
465,59,286,knowledge,0.5429,0.060418,0.8,False,0.0,0.0
466,59,270,knowledge,0.5,0.055643,0.8,False,0.0,0.0
467,59,304,knowledge,0.4571,0.050869,0.65,False,0.0,0.0
468,59,280,knowledge,0.2857,0.031795,0.5,False,0.0,0.0
469,50,25,Language,0.9355,0.099487,0.9,True,0.54,0.05
470,50,7,Language,0.2258,0.024013,0.5,False,0.0,0.0
471,50,30,Language,0.5968,0.063468,0.8,False,0.0,0.0
472,50,69,software,0.4516,0.048026,0.65,False,0.0,0.0
473,50,99,software,0.4032,0.042879,0.65,False,0.0,0.0
474,50,330,software,0.7742,0.082334,0.9,True,0.54,0.05
475,50,225,framework,0.7581,0.080621,0.9,False,0.0,0.0
476,50,250,framework,0.5,0.053173,0.8,False,0.0,0.0
477,50,200,framework,0.4677,0.049738,0.65,False,0.0,0.0
478,50,373,knowledge,0.8387,0.089193,0.9,True,0.54,0.05
479,50,369,knowledge,0.6613,0.070327,0.8,False,0.0,0.0
480,50,290,knowledge,0.5484,0.058321,0.8,False,0.0,0.0
481,50,286,knowledge,0.629,0.066892,0.8,False,0.0,0.0
482,50,359,knowledge,0.7258,0.077186,0.9,False,0.0,0.0
483,50,321,knowledge,0.8871,0.09434,0.9,True,0.54,0.05
484,90,35,Language,0.8471,0.088891,0.9,True,0.54,0.05
485,90,16,Language,0.8235,0.086415,0.9,True,0.54,0.05
486,90,9,Language,0.8,0.083949,0.9,False,0.0,0.0
487,90,76,software,0.9412,0.098766,0.9,True,0.54,0.05
488,90,330,software,0.7294,0.07654,0.9,False,0.0,0.0
489,90,150,software,0.3294,0.034566,0.65,False,0.0,0.0
490,90,231,framework,0.8824,0.092596,0.9,True,0.54,0.05
491,90,245,framework,0.6471,0.067904,0.8,False,0.0,0.0
492,90,214,framework,0.3765,0.039508,0.65,False,0.0,0.0
493,90,268,knowledge,0.7059,0.074074,0.9,False,0.0,0.0
494,90,311,knowledge,0.6824,0.071608,0.8,False,0.0,0.0
495,90,270,knowledge,0.7647,0.080245,0.9,False,0.0,0.0
496,90,271,knowledge,0.5294,0.055553,0.8,False,0.0,0.0
497,90,280,knowledge,0.4706,0.049383,0.65,False,0.0,0.0
498,26,25,Language,0.74,0.061977,0.9,False,0.0,0.0
499,26,3,Language,0.68,0.056951,0.8,False,0.0,0.0
500,26,12,Language,0.22,0.018425,0.5,False,0.0,0.0
501,26,96,software,0.86,0.072027,0.9,True,0.54,0.05
502,26,68,software,0.92,0.077052,0.9,True,0.54,0.05
503,26,251,software,0.81,0.067839,0.9,False,0.0,0.0
504,26,92,software,0.54,0.045226,0.8,False,0.0,0.0
505,26,172,software,0.48,0.040201,0.65,False,0.0,0.0
506,26,330,software,0.94,0.078727,0.9,True,0.54,0.05
507,26,85,software,0.46,0.038526,0.65,False,0.0,0.0
508,26,126,software,0.38,0.031826,0.65,False,0.0,0.0
509,26,167,framework,0.18,0.015075,0.5,False,0.0,0.0
510,26,252,framework,0.14,0.011725,0.35,False,0.0,0.0
511,26,226,framework,0.12,0.01005,0.35,False,0.0,0.0
512,26,280,knowledge,0.96,0.080402,0.9,True,0.54,0.05
513,26,286,knowledge,0.88,0.073702,0.9,True,0.54,0.05
514,26,363,knowledge,0.72,0.060302,0.9,False,0.0,0.0
515,26,351,knowledge,0.84,0.070352,0.9,True,0.54,0.05
516,26,270,knowledge,0.65,0.054439,0.8,False,0.0,0.0
517,26,313,knowledge,0.42,0.035176,0.65,False,0.0,0.0
518,72,25,Language,0.7059,0.083048,0.9,True,0.54,0.05
519,72,2,Language,0.5147,0.060554,0.8,False,0.0,0.0
520,72,72,software,0.6176,0.07266,0.8,False,0.0,0.0
521,72,100,software,0.5588,0.065742,0.8,False,0.0,0.0
522,72,75,software,0.5,0.058824,0.8,False,0.0,0.0
523,72,54,software,0.4118,0.048448,0.65,False,0.0,0.0
524,72,154,software,0.3676,0.043248,0.65,False,0.0,0.0
525,72,157,software,0.6618,0.07786,0.8,True,0.48,0.05
526,72,352,framework,0.7647,0.089966,0.9,True,0.54,0.05
527,72,368,framework,0.4559,0.053636,0.65,False,0.0,0.0
528,72,343,knowledge,0.8529,0.100342,0.9,True,0.54,0.05
529,72,283,knowledge,0.6471,0.07613,0.8,False,0.0,0.0
530,72,357,knowledge,0.5882,0.069201,0.8,False,0.0,0.0
531,72,328,knowledge,0.5294,0.062283,0.8,False,0.0,0.0
532,72,348,knowledge,0.3235,0.038059,0.65,False,0.0,0.0
533,17,4,Language,0.9231,0.122869,0.9,True,0.54,0.05
534,17,7,Language,0.6538,0.087024,0.8,False,0.0,0.0
535,17,25,Language,0.4359,0.05802,0.65,False,0.0,0.0
536,17,330,software,0.6923,0.092148,0.8,True,0.48,0.05
537,17,136,software,0.4872,0.064848,0.65,False,0.0,0.0
538,17,98,software,0.2821,0.037549,0.5,False,0.0,0.0
539,17,119,software,0.3718,0.049488,0.65,False,0.0,0.0
540,17,230,framework,0.5769,0.076788,0.8,False,0.0,0.0
541,17,190,framework,0.3974,0.052896,0.65,False,0.0,0.0
542,17,227,framework,0.1795,0.023892,0.5,False,0.0,0.0
543,17,267,knowledge,0.7436,0.098976,0.9,True,0.54,0.05
544,17,289,knowledge,0.7949,0.105805,0.9,True,0.54,0.05
545,17,270,knowledge,0.3333,0.044364,0.65,False,0.0,0.0
546,17,295,knowledge,0.2308,0.03072,0.5,False,0.0,0.0
547,17,347,knowledge,0.4103,0.054613,0.65,False,0.0,0.0
548,39,30,Language,0.4,0.047026,0.65,False,0.0,0.0
549,39,15,Language,0.3529,0.041488,0.65,False,0.0,0.0
550,39,25,Language,0.2824,0.0332,0.5,False,0.0,0.0
551,39,273,software,0.6118,0.071926,0.8,True,0.48,0.05
552,39,36,software,0.5294,0.062238,0.8,False,0.0,0.0
553,39,130,software,0.3765,0.044263,0.65,False,0.0,0.0
554,39,44,software,0.3294,0.038726,0.65,False,0.0,0.0
555,39,139,software,0.2588,0.030426,0.5,False,0.0,0.0
556,39,242,framework,0.2118,0.0249,0.5,False,0.0,0.0
557,39,286,knowledge,0.8471,0.099589,0.9,True,0.54,0.05
558,39,416,knowledge,0.7529,0.088514,0.9,True,0.54,0.05
559,39,270,knowledge,0.6471,0.076076,0.8,True,0.48,0.05
560,39,363,knowledge,0.5647,0.066388,0.8,True,0.48,0.05
561,39,293,knowledge,0.4941,0.058088,0.65,False,0.0,0.0
562,39,298,knowledge,0.4706,0.055326,0.65,False,0.0,0.0
563,39,341,knowledge,0.4471,0.052563,0.65,False,0.0,0.0
564,39,265,knowledge,0.4118,0.048413,0.65,False,0.0,0.0
565,39,315,knowledge,0.5176,0.060851,0.8,False,0.0,0.0
566,18,4,Language,0.9559,0.136559,0.9,True,0.54,0.05
567,18,7,Language,0.6176,0.08823,0.8,False,0.0,0.0
568,18,25,Language,0.4118,0.058829,0.65,False,0.0,0.0
569,18,330,software,0.5735,0.08193,0.8,False,0.0,0.0
570,18,137,software,0.3529,0.050415,0.65,False,0.0,0.0
571,18,119,software,0.3235,0.046215,0.65,False,0.0,0.0
572,18,195,framework,0.5,0.07143,0.8,False,0.0,0.0
573,18,259,framework,0.2794,0.039915,0.5,False,0.0,0.0
574,18,260,framework,0.2206,0.031515,0.5,False,0.0,0.0
575,18,289,knowledge,0.7647,0.109244,0.9,True,0.54,0.05
576,18,267,knowledge,0.8529,0.121845,0.9,True,0.54,0.05
577,18,391,knowledge,0.7059,0.100844,0.9,True,0.54,0.05
578,18,270,knowledge,0.2647,0.037815,0.5,False,0.0,0.0
579,18,293,knowledge,0.1765,0.025215,0.5,False,0.0,0.0
580,1,16,Language,0.88,0.125535,0.9,True,0.54,0.05
581,1,35,Language,0.78,0.11127,0.9,True,0.54,0.05
582,1,13,Language,0.85,0.121255,0.9,True,0.54,0.05
583,1,330,software,0.72,0.10271,0.9,True,0.54,0.05
584,1,76,software,0.42,0.059914,0.65,False,0.0,0.0
585,1,68,software,0.18,0.025678,0.5,False,0.0,0.0
586,1,231,framework,0.64,0.091298,0.8,False,0.0,0.0
587,1,171,framework,0.34,0.048502,0.65,False,0.0,0.0
588,1,249,framework,0.28,0.039943,0.5,False,0.0,0.0
589,1,214,framework,0.22,0.031384,0.5,False,0.0,0.0
590,1,270,knowledge,0.65,0.092725,0.8,False,0.0,0.0
591,1,390,knowledge,0.58,0.082739,0.8,False,0.0,0.0
592,1,425,knowledge,0.35,0.049929,0.65,False,0.0,0.0
593,1,362,knowledge,0.12,0.017118,0.35,False,0.0,0.0
594,3,16,Language,0.8471,0.083626,0.9,True,0.54,0.05
595,3,35,Language,0.6353,0.062717,0.8,True,0.48,0.05
596,3,30,Language,0.7176,0.070842,0.9,True,0.54,0.05
597,3,15,Language,0.4706,0.046458,0.65,False,0.0,0.0
598,3,5,Language,0.3294,0.032519,0.65,False,0.0,0.0
599,3,330,software,0.8,0.078976,0.9,True,0.54,0.05
600,3,68,software,0.5294,0.052263,0.8,False,0.0,0.0
601,3,36,software,0.3765,0.037168,0.65,False,0.0,0.0
602,3,273,software,0.3412,0.033683,0.65,False,0.0,0.0
603,3,96,software,0.2588,0.025549,0.5,False,0.0,0.0
604,3,231,framework,0.5412,0.053428,0.8,False,0.0,0.0
605,3,171,framework,0.4471,0.044138,0.65,False,0.0,0.0
606,3,242,framework,0.4,0.039488,0.65,False,0.0,0.0
607,3,215,framework,0.3647,0.036003,0.65,False,0.0,0.0
608,3,214,framework,0.2118,0.020909,0.5,False,0.0,0.0
609,3,270,knowledge,0.6824,0.067367,0.8,True,0.48,0.05
610,3,390,knowledge,0.7529,0.074327,0.9,True,0.54,0.05
611,3,363,knowledge,0.4824,0.047623,0.65,False,0.0,0.0
612,3,286,knowledge,0.4353,0.042973,0.65,False,0.0,0.0
613,3,280,knowledge,0.5059,0.049943,0.8,False,0.0,0.0
614,77,30,Language,0.1333,0.019837,0.35,False,0.0,0.0
615,77,25,Language,0.08,0.011905,0.35,False,0.0,0.0
616,77,73,software,0.4267,0.063498,0.65,False,0.0,0.0
617,77,143,software,0.32,0.04762,0.65,False,0.0,0.0
618,77,116,software,0.2133,0.031742,0.5,False,0.0,0.0
619,77,131,software,0.16,0.02381,0.5,False,0.0,0.0
620,77,181,framework,0.2933,0.043646,0.5,False,0.0,0.0
621,77,342,framework,0.2533,0.037694,0.5,False,0.0,0.0
622,77,395,knowledge,0.9067,0.134928,0.9,True,0.54,0.05
623,77,338,knowledge,0.8267,0.123023,0.9,True,0.54,0.05
624,77,328,knowledge,0.7733,0.115076,0.9,True,0.54,0.05
625,77,321,knowledge,0.7333,0.109124,0.9,True,0.54,0.05
626,77,346,knowledge,0.56,0.083335,0.8,False,0.0,0.0
627,77,367,knowledge,0.4667,0.06945,0.65,False,0.0,0.0
628,77,368,knowledge,0.3733,0.055551,0.65,False,0.0,0.0
629,77,404,knowledge,0.2,0.029762,0.5,False,0.0,0.0
630,24,5,Language,0.64,0.111368,0.8,True,0.48,0.05
631,24,7,Language,0.4267,0.074251,0.65,False,0.0,0.0
632,24,330,software,0.6,0.104408,0.8,False,0.0,0.0
633,24,153,software,0.5067,0.088172,0.8,False,0.0,0.0
634,24,255,framework,0.6667,0.116014,0.8,True,0.48,0.05
635,24,256,framework,0.3733,0.064959,0.65,False,0.0,0.0
636,24,376,knowledge,0.8,0.13921,0.9,True,0.54,0.05
637,24,360,knowledge,0.3333,0.057999,0.65,False,0.0,0.0
638,24,270,knowledge,0.4,0.069605,0.65,False,0.0,0.0
639,24,365,knowledge,0.4667,0.081212,0.65,False,0.0,0.0
640,24,437,knowledge,0.2933,0.051038,0.5,False,0.0,0.0
641,24,409,knowledge,0.24,0.041763,0.5,False,0.0,0.0
642,14,12,Language,1,0.119533,0.9,True,0.54,0.05
643,14,25,Language,0.2683,0.032071,0.5,False,0.0,0.0
644,14,68,software,0.7927,0.094754,0.9,True,0.54,0.05
645,14,96,software,0.7195,0.086004,0.9,True,0.54,0.05
646,14,36,software,0.5122,0.061225,0.8,False,0.0,0.0
647,14,121,software,0.5488,0.0656,0.8,False,0.0,0.0
648,14,330,software,0.439,0.052475,0.65,False,0.0,0.0
649,14,129,software,0.3659,0.043737,0.65,False,0.0,0.0
650,14,262,framework,0.4146,0.049558,0.65,False,0.0,0.0
651,14,196,framework,0.2927,0.034987,0.5,False,0.0,0.0
652,14,363,knowledge,0.8293,0.099129,0.9,True,0.54,0.05
653,14,270,knowledge,0.5,0.059766,0.8,False,0.0,0.0
654,14,390,knowledge,0.5854,0.069975,0.8,False,0.0,0.0
655,14,422,knowledge,0.4634,0.055392,0.65,False,0.0,0.0
656,14,286,knowledge,0.6341,0.075796,0.8,False,0.0,0.0
657,76,24,Language,0.3378,0.0563,0.65,False,0.0,0.0
658,76,25,Language,0.2432,0.040533,0.5,False,0.0,0.0
659,76,15,Language,0.1892,0.031533,0.5,False,0.0,0.0
660,76,104,software,0.7027,0.117117,0.9,True,0.54,0.05
661,76,138,software,0.5135,0.085583,0.8,False,0.0,0.0
662,76,65,software,0.473,0.078833,0.65,False,0.0,0.0
663,76,115,software,0.2297,0.038283,0.5,False,0.0,0.0
664,76,390,framework,0.2838,0.0473,0.5,False,0.0,0.0
665,76,241,framework,0.1622,0.027033,0.5,False,0.0,0.0
666,76,397,knowledge,0.7838,0.130633,0.9,True,0.54,0.05
667,76,288,knowledge,0.6486,0.1081,0.8,True,0.48,0.05
668,76,337,knowledge,0.5676,0.0946,0.8,True,0.48,0.05
669,76,380,knowledge,0.4459,0.074317,0.65,False,0.0,0.0
670,76,438,knowledge,0.2568,0.0428,0.5,False,0.0,0.0
671,76,328,knowledge,0.1622,0.027033,0.5,False,0.0,0.0
672,99,30,Language,0.6824,0.114857,0.8,True,0.48,0.05
673,99,15,Language,0.4941,0.083164,0.65,False,0.0,0.0
674,99,25,Language,0.4118,0.069311,0.65,False,0.0,0.0
675,99,273,software,0.5294,0.089105,0.8,False,0.0,0.0
676,99,130,software,0.4471,0.075253,0.65,False,0.0,0.0
677,99,36,software,0.3765,0.06337,0.65,False,0.0,0.0
678,99,242,framework,0.2941,0.049501,0.5,False,0.0,0.0
679,99,231,framework,0.2588,0.043559,0.5,False,0.0,0.0
680,99,286,knowledge,0.8471,0.142578,0.9,True,0.54,0.05
681,99,270,knowledge,0.8,0.134651,0.9,True,0.54,0.05
682,99,315,knowledge,0.4706,0.079208,0.65,False,0.0,0.0
683,99,293,knowledge,0.3294,0.055442,0.65,False,0.0,0.0
684,45,24,Language,0.2118,0.032792,0.5,False,0.0,0.0
685,45,25,Language,0.1647,0.0255,0.5,False,0.0,0.0
686,45,30,Language,0.1412,0.021861,0.35,False,0.0,0.0
687,45,103,software,0.4706,0.072861,0.65,False,0.0,0.0
688,45,142,software,0.3765,0.058292,0.65,False,0.0,0.0
689,45,93,software,0.2941,0.045534,0.5,False,0.0,0.0
690,45,342,framework,0.8,0.12386,0.9,True,0.54,0.05
691,45,270,framework,0.2353,0.03643,0.5,False,0.0,0.0
692,45,286,knowledge,0.7294,0.112929,0.9,True,0.54,0.05
693,45,293,knowledge,0.6471,0.100187,0.8,True,0.48,0.05
694,45,430,knowledge,0.5882,0.091068,0.8,True,0.48,0.05
695,45,388,knowledge,0.5647,0.08743,0.8,False,0.0,0.0
696,45,328,knowledge,0.5294,0.081964,0.8,False,0.0,0.0
697,45,270,framework,0.4471,0.069222,0.65,False,0.0,0.0
698,45,312,knowledge,0.2588,0.040069,0.5,False,0.0,0.0
699,41,25,Language,0.6618,0.073533,0.8,False,0.0,0.0
700,41,3,Language,0.5588,0.062089,0.8,False,0.0,0.0
701,41,12,Language,0.1765,0.019611,0.5,False,0.0,0.0
702,41,251,software,0.9118,0.101311,0.9,True,0.54,0.05
703,41,96,software,0.7941,0.088233,0.9,True,0.54,0.05
704,41,68,software,0.75,0.083333,0.9,True,0.54,0.05
705,41,330,software,0.7206,0.080067,0.9,False,0.0,0.0
706,41,36,software,0.6912,0.0768,0.8,False,0.0,0.0
707,41,273,software,0.6029,0.066989,0.8,False,0.0,0.0
708,41,172,software,0.6029,0.066989,0.8,False,0.0,0.0
709,41,167,framework,0.2647,0.029411,0.5,False,0.0,0.0
710,41,280,knowledge,0.8676,0.0964,0.9,True,0.54,0.05
711,41,351,knowledge,0.5147,0.057189,0.8,False,0.0,0.0
712,41,313,knowledge,0.4706,0.052289,0.65,False,0.0,0.0
713,41,270,knowledge,0.4118,0.045756,0.65,False,0.0,0.0
714,71,25,Language,0.5833,0.073939,0.8,False,0.0,0.0
715,71,24,Language,0.4861,0.061618,0.65,False,0.0,0.0
716,71,3,Language,0.3472,0.044011,0.65,False,0.0,0.0
717,71,146,software,0.625,0.079225,0.8,True,0.48,0.05
718,71,108,software,0.5278,0.066904,0.8,False,0.0,0.0
719,71,64,software,0.3056,0.038738,0.65,False,0.0,0.0
720,71,157,software,0.2778,0.035214,0.5,False,0.0,0.0
721,71,352,framework,0.625,0.079225,0.8,False,0.0,0.0
722,71,368,framework,0.3889,0.049297,0.65,False,0.0,0.0
723,71,338,framework,0.25,0.03169,0.5,False,0.0,0.0
724,71,343,knowledge,0.9444,0.119713,0.9,True,0.54,0.05
725,71,403,knowledge,0.8611,0.109153,0.9,True,0.54,0.05
726,71,288,knowledge,0.6944,0.088022,0.8,True,0.48,0.05
727,71,371,knowledge,0.5556,0.070428,0.8,False,0.0,0.0
728,71,314,knowledge,0.4167,0.052821,0.65,False,0.0,0.0
729,10,15,Language,1,0.103734,0.9,True,0.54,0.05
730,10,30,Language,0.74,0.076763,0.9,False,0.0,0.0
731,10,330,software,0.82,0.085062,0.9,True,0.54,0.05
732,10,68,software,0.62,0.064315,0.8,False,0.0,0.0
733,10,101,software,0.52,0.053942,0.8,False,0.0,0.0
734,10,96,software,0.42,0.043568,0.65,False,0.0,0.0
735,10,242,framework,0.88,0.091286,0.9,True,0.54,0.05
736,10,198,framework,0.58,0.060166,0.8,False,0.0,0.0
737,10,203,framework,0.48,0.049793,0.65,False,0.0,0.0
738,10,231,framework,0.35,0.036307,0.65,False,0.0,0.0
739,10,390,knowledge,0.78,0.080913,0.9,True,0.54,0.05
740,10,363,knowledge,0.72,0.074689,0.9,False,0.0,0.0
741,10,270,knowledge,0.68,0.070539,0.8,False,0.0,0.0
742,10,286,knowledge,0.55,0.057054,0.8,False,0.0,0.0
743,10,280,knowledge,0.5,0.051867,0.8,False,0.0,0.0
744,53,25,Language,0.9444,0.106079,0.9,True,0.54,0.05
745,53,30,Language,0.5833,0.065519,0.8,False,0.0,0.0
746,53,3,Language,0.3056,0.034326,0.65,False,0.0,0.0
747,53,68,software,0.8056,0.090488,0.9,True,0.54,0.05
748,53,96,software,0.75,0.084243,0.9,False,0.0,0.0
749,53,251,software,0.5278,0.059285,0.8,False,0.0,0.0
750,53,36,software,0.5,0.056162,0.8,False,0.0,0.0
751,53,273,software,0.4583,0.051478,0.65,False,0.0,0.0
752,53,225,framework,0.625,0.070203,0.8,False,0.0,0.0
753,53,209,framework,0.4306,0.048367,0.65,False,0.0,0.0
754,53,175,framework,0.3472,0.038999,0.65,False,0.0,0.0
755,53,286,knowledge,0.8611,0.096722,0.9,True,0.54,0.05
756,53,280,knowledge,0.8194,0.092038,0.9,True,0.54,0.05
757,53,270,knowledge,0.5556,0.062407,0.8,False,0.0,0.0
758,53,363,knowledge,0.3889,0.043683,0.65,False,0.0,0.0
759,49,25,Language,0.95,0.116386,0.9,True,0.54,0.05
760,49,30,Language,0.775,0.094946,0.9,True,0.54,0.05
761,49,330,software,0.725,0.088821,0.9,True,0.54,0.05
762,49,36,software,0.55,0.067381,0.8,False,0.0,0.0
763,49,68,software,0.475,0.058193,0.65,False,0.0,0.0
764,49,238,framework,0.675,0.082695,0.8,True,0.48,0.05
765,49,225,framework,0.6,0.073507,0.8,False,0.0,0.0
766,49,250,framework,0.45,0.05513,0.65,False,0.0,0.0
767,49,306,knowledge,0.65,0.079632,0.8,False,0.0,0.0
768,49,353,knowledge,0.525,0.064319,0.8,False,0.0,0.0
769,49,412,knowledge,0.625,0.07657,0.8,False,0.0,0.0
770,49,270,knowledge,0.5,0.061256,0.8,False,0.0,0.0
771,49,369,knowledge,0.35,0.042879,0.65,False,0.0,0.0
772,49,329,knowledge,0.3125,0.038285,0.65,False,0.0,0.0
773,78,25,Language,0.8088,0.099815,0.9,True,0.54,0.05
774,78,8,Language,0.6029,0.074405,0.8,False,0.0,0.0
775,78,1,Language,0.5588,0.068962,0.8,False,0.0,0.0
776,78,89,software,0.7206,0.08893,0.9,True,0.54,0.05
777,78,157,software,0.6324,0.078045,0.8,False,0.0,0.0
778,78,83,software,0.4706,0.058077,0.65,False,0.0,0.0
779,78,70,software,0.4118,0.050821,0.65,False,0.0,0.0
780,78,160,software,0.3529,0.043552,0.65,False,0.0,0.0
781,78,140,software,0.2794,0.034481,0.5,False,0.0,0.0
782,78,393,knowledge,0.9118,0.112526,0.9,True,0.54,0.05
783,78,411,knowledge,0.6912,0.085302,0.8,True,0.48,0.05
784,78,352,knowledge,0.5147,0.06352,0.8,False,0.0,0.0
785,78,418,knowledge,0.4412,0.054449,0.65,False,0.0,0.0
786,78,435,knowledge,0.3824,0.047192,0.65,False,0.0,0.0
787,78,370,knowledge,0.3235,0.039923,0.65,False,0.0,0.0
788,5,18,Language,0.96,0.076595,0.9,True,0.54,0.05
789,5,15,Language,0.56,0.04468,0.8,False,0.0,0.0
790,5,39,software,1,0.079786,0.9,True,0.54,0.05
791,5,330,software,0.9067,0.072342,0.9,True,0.54,0.05
792,5,77,software,0.4667,0.037236,0.65,False,0.0,0.0
793,5,93,software,0.5467,0.043619,0.8,False,0.0,0.0
794,5,170,framework,1,0.079786,0.9,True,0.54,0.05
795,5,204,framework,0.7733,0.061699,0.9,False,0.0,0.0
796,5,233,framework,0.72,0.057446,0.9,False,0.0,0.0
797,5,187,framework,0.64,0.051063,0.8,False,0.0,0.0
798,5,184,framework,0.8267,0.065959,0.9,False,0.0,0.0
799,5,355,knowledge,0.8667,0.069151,0.9,False,0.0,0.0
800,5,270,knowledge,0.7867,0.062768,0.9,False,0.0,0.0
801,5,390,knowledge,0.9333,0.074464,0.9,True,0.54,0.05
802,5,284,knowledge,0.5867,0.046811,0.8,False,0.0,0.0
803,5,422,knowledge,0.5333,0.04255,0.8,False,0.0,0.0
804,5,280,knowledge,0.4267,0.034045,0.65,False,0.0,0.0
805,4,33,Language,0.9733,0.106258,0.9,True,0.54,0.05
806,4,21,Language,0.2933,0.03202,0.5,False,0.0,0.0
807,4,159,software,0.96,0.104806,0.9,True,0.54,0.05
808,4,330,software,0.8667,0.09462,0.9,True,0.54,0.05
809,4,51,software,0.3733,0.040754,0.65,False,0.0,0.0
810,4,77,software,0.3333,0.036387,0.65,False,0.0,0.0
811,4,246,framework,0.7733,0.084423,0.9,False,0.0,0.0
812,4,254,framework,0.6933,0.075689,0.8,False,0.0,0.0
813,4,182,framework,0.4,0.043669,0.65,False,0.0,0.0
814,4,183,framework,0.4533,0.049488,0.65,False,0.0,0.0
815,4,354,knowledge,0.64,0.069871,0.8,False,0.0,0.0
816,4,390,knowledge,0.8133,0.08879,0.9,True,0.54,0.05
817,4,270,knowledge,0.6,0.065504,0.8,False,0.0,0.0
818,4,426,knowledge,0.4667,0.050951,0.65,False,0.0,0.0
819,4,284,knowledge,0.52,0.05677,0.8,False,0.0,0.0
820,51,25,Language,0.9692,0.108429,0.9,True,0.54,0.05
821,51,30,Language,0.4615,0.05163,0.65,False,0.0,0.0
822,51,330,software,0.5385,0.060244,0.8,False,0.0,0.0
823,51,36,software,0.4308,0.048195,0.65,False,0.0,0.0
824,51,68,software,0.3846,0.043027,0.65,False,0.0,0.0
825,51,199,framework,0.7385,0.082619,0.9,False,0.0,0.0
826,51,225,framework,0.6923,0.077451,0.8,False,0.0,0.0
827,51,205,framework,0.4923,0.055076,0.65,False,0.0,0.0
828,51,263,framework,0.3077,0.034424,0.65,False,0.0,0.0
829,51,193,framework,0.2769,0.030978,0.5,False,0.0,0.0
830,51,350,knowledge,0.8923,0.099825,0.9,True,0.54,0.05
831,51,389,knowledge,0.6462,0.072293,0.8,False,0.0,0.0
832,51,306,knowledge,0.8462,0.094668,0.9,True,0.54,0.05
833,51,321,knowledge,0.9231,0.103271,0.9,True,0.54,0.05
834,51,270,knowledge,0.3385,0.037869,0.65,False,0.0,0.0
835,34,25,Language,0.4146,0.057525,0.65,False,0.0,0.0
836,34,3,Language,0.2317,0.032148,0.5,False,0.0,0.0
837,34,251,software,0.3415,0.047383,0.65,False,0.0,0.0
838,34,172,software,0.378,0.052447,0.65,False,0.0,0.0
839,34,56,software,0.7805,0.108293,0.9,True,0.54,0.05
840,34,79,software,0.6341,0.08798,0.8,False,0.0,0.0
841,34,55,software,0.2561,0.035533,0.5,False,0.0,0.0
842,34,74,software,0.3049,0.042304,0.65,False,0.0,0.0
843,34,416,framework,0.1463,0.020299,0.35,False,0.0,0.0
844,34,342,knowledge,0.4634,0.064296,0.65,False,0.0,0.0
845,34,270,knowledge,0.2683,0.037226,0.5,False,0.0,0.0
846,34,287,knowledge,0.8171,0.113371,0.9,True,0.54,0.05
847,34,400,knowledge,0.5976,0.082916,0.8,False,0.0,0.0
848,34,371,knowledge,0.7073,0.098137,0.9,True,0.54,0.05
849,34,396,knowledge,0.8659,0.120142,0.9,True,0.54,0.05
850,33,25,Language,0.3049,0.049706,0.65,False,0.0,0.0
851,33,3,Language,0.1463,0.02385,0.35,False,0.0,0.0
852,33,59,software,0.7073,0.115306,0.9,True,0.54,0.05
853,33,78,software,0.5488,0.089467,0.8,False,0.0,0.0
854,33,120,software,0.4634,0.075545,0.65,False,0.0,0.0
855,33,172,software,0.2439,0.039761,0.5,False,0.0,0.0
856,33,157,software,0.2683,0.043739,0.5,False,0.0,0.0
857,33,58,software,0.1829,0.029817,0.5,False,0.0,0.0
858,33,213,framework,0.0976,0.015911,0.35,False,0.0,0.0
859,33,415,knowledge,0.7561,0.123262,0.9,True,0.54,0.05
860,33,396,knowledge,0.7317,0.119284,0.9,True,0.54,0.05
861,33,371,knowledge,0.6707,0.10934,0.8,True,0.48,0.05
862,33,287,knowledge,0.4268,0.069578,0.65,False,0.0,0.0
863,33,400,knowledge,0.3659,0.05965,0.65,False,0.0,0.0
864,33,342,knowledge,0.2195,0.035784,0.5,False,0.0,0.0
865,75,25,Language,0.4471,0.055887,0.65,False,0.0,0.0
866,75,3,Language,0.2588,0.03235,0.5,False,0.0,0.0
867,75,78,software,0.7529,0.094113,0.9,True,0.54,0.05
868,75,57,software,0.7176,0.0897,0.9,False,0.0,0.0
869,75,120,software,0.6941,0.086763,0.8,False,0.0,0.0
870,75,55,software,0.3647,0.045588,0.65,False,0.0,0.0
871,75,146,software,0.2941,0.036762,0.5,False,0.0,0.0
872,75,172,framework,0.2118,0.026475,0.5,False,0.0,0.0
873,75,251,framework,0.1647,0.020588,0.5,False,0.0,0.0
874,75,415,knowledge,0.9647,0.120588,0.9,True,0.54,0.05
875,75,288,knowledge,0.6588,0.08235,0.8,False,0.0,0.0
876,75,429,knowledge,0.8471,0.105887,0.9,True,0.54,0.05
877,75,321,knowledge,0.9294,0.116175,0.9,True,0.54,0.05
878,75,438,knowledge,0.2824,0.0353,0.5,False,0.0,0.0
879,75,338,knowledge,0.4118,0.051475,0.65,False,0.0,0.0
880,12,22,Language,1,0.133649,0.9,True,0.54,0.05
881,12,30,Language,0.8471,0.113214,0.9,True,0.54,0.05
882,12,16,Language,0.7529,0.100624,0.9,False,0.0,0.0
883,12,330,software,0.8706,0.116355,0.9,True,0.54,0.05
884,12,68,software,0.4941,0.066036,0.65,False,0.0,0.0
885,12,36,software,0.3294,0.044024,0.65,False,0.0,0.0
886,12,206,framework,0.6118,0.081766,0.8,False,0.0,0.0
887,12,247,framework,0.4471,0.059754,0.65,False,0.0,0.0
888,12,231,framework,0.3647,0.048742,0.65,False,0.0,0.0
889,12,390,knowledge,0.7176,0.095906,0.9,False,0.0,0.0
890,12,270,knowledge,0.5647,0.075471,0.8,False,0.0,0.0
891,12,363,knowledge,0.2588,0.034588,0.5,False,0.0,0.0
892,12,317,knowledge,0.2235,0.02987,0.5,False,0.0,0.0
893,67,25,Language,0.7436,0.094461,0.9,True,0.54,0.05
894,67,3,Language,0.5385,0.068407,0.8,False,0.0,0.0
895,67,24,Language,0.359,0.045605,0.65,False,0.0,0.0
896,67,50,software,0.8718,0.110747,0.9,True,0.54,0.05
897,67,102,software,0.6667,0.084693,0.8,False,0.0,0.0
898,67,114,software,0.6154,0.078176,0.8,False,0.0,0.0
899,67,112,software,0.4487,0.056999,0.65,False,0.0,0.0
900,67,95,software,0.2821,0.035836,0.5,False,0.0,0.0
901,67,157,software,0.2564,0.032571,0.5,False,0.0,0.0
902,67,352,framework,0.4103,0.052121,0.65,False,0.0,0.0
903,67,377,knowledge,0.7949,0.100978,0.9,True,0.54,0.05
904,67,371,knowledge,0.7051,0.089571,0.9,True,0.54,0.05
905,67,269,knowledge,0.4872,0.06189,0.65,False,0.0,0.0
906,67,288,knowledge,0.3846,0.048857,0.65,False,0.0,0.0
907,67,364,knowledge,0.3077,0.039088,0.65,False,0.0,0.0
908,28,25,Language,0.7333,0.071148,0.9,False,0.0,0.0
909,28,12,Language,0.3733,0.036219,0.65,False,0.0,0.0
910,28,3,Language,0.4667,0.045281,0.65,False,0.0,0.0
911,28,96,software,0.9067,0.087972,0.9,True,0.54,0.05
912,28,251,software,0.8267,0.08021,0.9,True,0.54,0.05
913,28,68,software,0.8,0.077619,0.9,True,0.54,0.05
914,28,36,software,0.6667,0.064686,0.8,False,0.0,0.0
915,28,273,software,0.4667,0.045281,0.65,False,0.0,0.0
916,28,125,software,0.4,0.03881,0.65,False,0.0,0.0
917,28,172,software,0.3333,0.032338,0.65,False,0.0,0.0
918,28,193,framework,0.16,0.015524,0.5,False,0.0,0.0
919,28,177,framework,0.1333,0.012933,0.35,False,0.0,0.0
920,28,280,knowledge,0.8667,0.084091,0.9,True,0.54,0.05
921,28,345,knowledge,0.7733,0.075029,0.9,False,0.0,0.0
922,28,330,knowledge,0.8,0.077619,0.9,True,0.54,0.05
923,28,351,knowledge,0.6,0.058215,0.8,False,0.0,0.0
924,28,363,knowledge,0.56,0.054334,0.8,False,0.0,0.0
925,28,406,knowledge,0.44,0.042691,0.65,False,0.0,0.0
926,64,25,Language,0.9444,0.098977,0.9,True,0.54,0.05
927,64,30,Language,0.8611,0.090247,0.9,True,0.54,0.05
928,64,26,Language,0.3889,0.040758,0.65,False,0.0,0.0
929,64,133,Language,0.2083,0.021831,0.5,False,0.0,0.0
930,64,286,software,0.5833,0.061132,0.8,False,0.0,0.0
931,64,124,software,0.4444,0.046575,0.65,False,0.0,0.0
932,64,197,software,0.2778,0.029115,0.5,False,0.0,0.0
933,64,238,framework,0.75,0.078603,0.9,False,0.0,0.0
934,64,258,framework,0.625,0.065503,0.8,False,0.0,0.0
935,64,250,framework,0.5278,0.055316,0.8,False,0.0,0.0
936,64,224,framework,0.4167,0.043672,0.65,False,0.0,0.0
937,64,356,knowledge,1,0.104804,0.9,True,0.54,0.05
938,64,412,knowledge,0.9028,0.094617,0.9,True,0.54,0.05
939,64,394,knowledge,0.4722,0.049489,0.65,False,0.0,0.0
940,64,329,knowledge,0.3056,0.032028,0.65,False,0.0,0.0
941,64,321,knowledge,0.8333,0.087333,0.9,False,0.0,0.0
942,9,25,Language,1,0.118879,0.9,True,0.54,0.05
943,9,30,Language,0.7294,0.08671,0.9,True,0.54,0.05
944,9,330,software,0.8706,0.103496,0.9,True,0.54,0.05
945,9,68,software,0.6471,0.076927,0.8,False,0.0,0.0
946,9,121,software,0.4588,0.054542,0.65,False,0.0,0.0
947,9,36,software,0.4118,0.048954,0.65,False,0.0,0.0
948,9,96,software,0.3647,0.043355,0.65,False,0.0,0.0
949,9,189,framework,0.4706,0.055945,0.65,False,0.0,0.0
950,9,193,framework,0.4353,0.051748,0.65,False,0.0,0.0
951,9,220,framework,0.3059,0.036365,0.65,False,0.0,0.0
952,9,390,knowledge,0.6824,0.081123,0.8,True,0.48,0.05
953,9,270,knowledge,0.6,0.071328,0.8,False,0.0,0.0
954,9,286,knowledge,0.5647,0.067131,0.8,False,0.0,0.0
955,9,280,knowledge,0.5294,0.062935,0.8,False,0.0,0.0
956,9,363,knowledge,0.3412,0.040562,0.65,False,0.0,0.0
957,22,15,Language,0.6824,0.062236,0.8,False,0.0,0.0
958,22,17,Language,0.4941,0.045062,0.65,False,0.0,0.0
959,22,30,Language,0.5647,0.051501,0.8,False,0.0,0.0
960,22,25,Language,0.4235,0.038624,0.65,False,0.0,0.0
961,22,93,software,0.8235,0.075104,0.9,True,0.54,0.05
962,22,330,software,0.8,0.072961,0.9,True,0.54,0.05
963,22,122,software,0.7647,0.069741,0.9,True,0.54,0.05
964,22,92,software,0.5294,0.048282,0.8,False,0.0,0.0
965,22,68,software,0.3765,0.034337,0.65,False,0.0,0.0
966,22,239,framework,0.6471,0.059016,0.8,False,0.0,0.0
967,22,186,framework,0.4471,0.040776,0.65,False,0.0,0.0
968,22,221,framework,0.3059,0.027898,0.65,False,0.0,0.0
969,22,185,framework,0.3765,0.034337,0.65,False,0.0,0.0
970,22,176,framework,0.2118,0.019316,0.5,False,0.0,0.0
971,22,270,knowledge,0.9176,0.083686,0.9,True,0.54,0.05
972,22,280,knowledge,0.7294,0.066522,0.9,True,0.54,0.05
973,22,266,knowledge,0.7765,0.070818,0.9,True,0.54,0.05
974,22,363,knowledge,0.4118,0.037557,0.65,False,0.0,0.0
975,22,286,knowledge,0.3529,0.032185,0.65,False,0.0,0.0
976,22,340,knowledge,0.3294,0.030042,0.65,False,0.0,0.0
977,21,30,Language,0.6,0.101122,0.8,False,0.0,0.0
978,21,93,software,0.8267,0.13933,0.9,True,0.54,0.05
979,21,122,software,0.56,0.094381,0.8,False,0.0,0.0
980,21,63,software,0.4667,0.078656,0.65,False,0.0,0.0
981,21,239,framework,0.2667,0.044949,0.5,False,0.0,0.0
982,21,270,knowledge,0.9067,0.152813,0.9,True,0.54,0.05
983,21,392,knowledge,0.7333,0.123588,0.9,True,0.54,0.05
984,21,321,knowledge,0.6667,0.112364,0.8,False,0.0,0.0
985,21,266,knowledge,0.5333,0.089881,0.8,False,0.0,0.0
986,21,340,knowledge,0.3733,0.062915,0.65,False,0.0,0.0
987,63,25,Language,0.9067,0.137379,0.9,True,0.54,0.05
988,63,30,Language,0.6933,0.105045,0.8,True,0.48,0.05
989,63,7,Language,0.3733,0.056561,0.65,False,0.0,0.0
990,63,19,Language,0.2933,0.044439,0.5,False,0.0,0.0
991,63,26,Language,0.16,0.024242,0.5,False,0.0,0.0
992,63,73,software,0.64,0.09697,0.8,True,0.48,0.05
993,63,36,software,0.24,0.036364,0.5,False,0.0,0.0
994,63,48,software,0.2,0.030303,0.5,False,0.0,0.0
995,63,220,framework,0.4667,0.070712,0.65,False,0.0,0.0
996,63,238,framework,0.1867,0.028288,0.5,False,0.0,0.0
997,63,327,knowledge,0.8667,0.131318,0.9,True,0.54,0.05
998,63,395,knowledge,0.6,0.090909,0.8,False,0.0,0.0
999,63,356,knowledge,0.5067,0.076773,0.8,False,0.0,0.0
1000,63,307,knowledge,0.3333,0.0505,0.65,False,0.0,0.0
1001,63,413,knowledge,0.1333,0.020197,0.35,False,0.0,0.0
1002,6,16,Language,1,0.106783,0.9,True,0.54,0.05
1003,6,35,Language,0.8706,0.092965,0.9,False,0.0,0.0
1004,6,9,Language,0.6471,0.069099,0.8,False,0.0,0.0
1005,6,330,software,0.9176,0.097984,0.9,True,0.54,0.05
1006,6,68,software,0.4235,0.045223,0.65,False,0.0,0.0
1007,6,76,software,0.6118,0.06533,0.8,False,0.0,0.0
1008,6,231,framework,1,0.106783,0.9,True,0.54,0.05
1009,6,214,framework,0.7059,0.075378,0.9,False,0.0,0.0
1010,6,232,framework,0.3412,0.036434,0.65,False,0.0,0.0
1011,6,270,knowledge,0.8,0.085426,0.9,False,0.0,0.0
1012,6,390,knowledge,0.8471,0.090456,0.9,False,0.0,0.0
1013,6,417,knowledge,0.6824,0.072869,0.8,False,0.0,0.0
1014,6,331,knowledge,0.5176,0.055271,0.8,False,0.0,0.0
1015,13,27,Language,1,0.114033,0.9,True,0.54,0.05
1016,13,30,Language,0.8,0.091226,0.9,True,0.54,0.05
1017,13,16,Language,0.6923,0.078945,0.8,False,0.0,0.0
1018,13,121,software,0.6462,0.073688,0.8,False,0.0,0.0
1019,13,330,software,0.6154,0.070176,0.8,False,0.0,0.0
1020,13,68,software,0.5385,0.061407,0.8,False,0.0,0.0
1021,13,36,software,0.4308,0.049125,0.65,False,0.0,0.0
1022,13,129,software,0.2308,0.026319,0.5,False,0.0,0.0
1023,13,234,framework,1,0.114033,0.9,True,0.54,0.05
1024,13,229,framework,0.4923,0.056138,0.65,False,0.0,0.0
1025,13,231,framework,0.3385,0.0386,0.65,False,0.0,0.0
1026,13,390,knowledge,0.7385,0.084213,0.9,True,0.54,0.05
1027,13,270,knowledge,0.5846,0.066664,0.8,False,0.0,0.0
1028,13,280,knowledge,0.3846,0.043857,0.65,False,0.0,0.0
1029,13,363,knowledge,0.2769,0.031576,0.5,False,0.0,0.0
1030,15,28,Language,1,0.12224,0.9,True,0.54,0.05
1031,15,7,Language,0.3056,0.037357,0.65,False,0.0,0.0
1032,15,12,Language,0.25,0.03056,0.5,False,0.0,0.0
1033,15,330,software,0.9444,0.115444,0.9,True,0.54,0.05
1034,15,68,software,0.8056,0.098477,0.9,True,0.54,0.05
1035,15,36,software,0.5833,0.071303,0.8,False,0.0,0.0
1036,15,351,software,0.5278,0.064518,0.8,False,0.0,0.0
1037,15,96,software,0.4861,0.059421,0.65,False,0.0,0.0
1038,15,121,software,0.4444,0.054324,0.65,False,0.0,0.0
1039,15,253,framework,0.4167,0.050938,0.65,False,0.0,0.0
1040,15,168,framework,0.2778,0.033958,0.5,False,0.0,0.0
1041,15,363,knowledge,0.7222,0.088282,0.9,True,0.54,0.05
1042,15,270,knowledge,0.6667,0.081498,0.8,False,0.0,0.0
1043,15,280,knowledge,0.5556,0.067917,0.8,False,0.0,0.0
1044,15,434,knowledge,0.1944,0.023764,0.5,False,0.0,0.0
1045,23,15,Language,0.6933,0.070267,0.8,True,0.48,0.05
1046,23,25,Language,0.5067,0.051355,0.8,False,0.0,0.0
1047,23,17,Language,0.3867,0.039192,0.65,False,0.0,0.0
1048,23,92,software,0.5467,0.055409,0.8,False,0.0,0.0
1049,23,68,software,0.4533,0.045942,0.65,False,0.0,0.0
1050,23,330,software,0.7333,0.074321,0.9,True,0.54,0.05
1051,23,122,software,0.64,0.064865,0.8,False,0.0,0.0
1052,23,93,software,0.6667,0.067571,0.8,False,0.0,0.0
1053,23,239,framework,0.6133,0.062159,0.8,False,0.0,0.0
1054,23,221,framework,0.4267,0.043246,0.65,False,0.0,0.0
1055,23,186,framework,0.28,0.028378,0.5,False,0.0,0.0
1056,23,176,framework,0.24,0.024324,0.5,False,0.0,0.0
1057,23,185,framework,0.4667,0.047301,0.65,False,0.0,0.0
1058,23,270,knowledge,0.8533,0.086483,0.9,True,0.54,0.05
1059,23,280,knowledge,0.7867,0.079733,0.9,True,0.54,0.05
1060,23,266,knowledge,0.76,0.077027,0.9,True,0.54,0.05
1061,23,363,knowledge,0.44,0.044594,0.65,False,0.0,0.0
1062,23,286,knowledge,0.3733,0.037834,0.65,False,0.0,0.0
1063,69,25,Language,0.6462,0.100484,0.8,False,0.0,0.0
1064,69,2,Language,0.4615,0.071763,0.65,False,0.0,0.0
1065,69,134,software,0.8923,0.138752,0.9,True,0.54,0.05
1066,69,70,software,0.6,0.0933,0.8,False,0.0,0.0
1067,69,236,framework,0.3385,0.052636,0.65,False,0.0,0.0
1068,69,343,knowledge,0.8462,0.131583,0.9,True,0.54,0.05
1069,69,415,knowledge,0.7385,0.114836,0.9,True,0.54,0.05
1070,69,352,knowledge,0.6923,0.107652,0.8,False,0.0,0.0
1071,69,288,knowledge,0.6769,0.105257,0.8,False,0.0,0.0
1072,69,338,knowledge,0.5385,0.083736,0.8,False,0.0,0.0
1073,68,25,Language,0.3733,0.073295,0.65,False,0.0,0.0
1074,68,2,Language,0.2133,0.04188,0.5,False,0.0,0.0
1075,68,15,Language,0.1333,0.026173,0.35,False,0.0,0.0
1076,68,273,software,0.64,0.12566,0.8,True,0.48,0.05
1077,68,36,software,0.52,0.102099,0.8,True,0.48,0.05
1078,68,134,software,0.3333,0.065441,0.65,False,0.0,0.0
1079,68,251,software,0.2933,0.057588,0.5,False,0.0,0.0
1080,68,96,software,0.24,0.047123,0.5,False,0.0,0.0
1081,68,243,framework,0.16,0.031415,0.5,False,0.0,0.0
1082,68,217,framework,0.0933,0.018319,0.35,False,0.0,0.0
1083,68,338,knowledge,0.56,0.109953,0.8,True,0.48,0.05
1084,68,336,knowledge,0.48,0.094245,0.65,True,0.39,0.05
1085,68,368,knowledge,0.4133,0.081149,0.65,False,0.0,0.0
1086,68,438,knowledge,0.36,0.070684,0.65,False,0.0,0.0
1087,68,313,knowledge,0.28,0.054976,0.5,False,0.0,0.0
1088,87,13,Language,0.16,0.016216,0.5,False,0.0,0.0
1089,87,76,software,0.8267,0.083786,0.9,False,0.0,0.0
1090,87,109,software,0.7333,0.07432,0.9,False,0.0,0.0
1091,87,38,software,0.5067,0.051354,0.8,False,0.0,0.0
1092,87,270,framework,0.64,0.064864,0.8,False,0.0,0.0
1093,87,270,framework,0.56,0.056756,0.8,False,0.0,0.0
1094,87,188,framework,0.4667,0.0473,0.65,False,0.0,0.0
1095,87,310,knowledge,0.9467,0.095948,0.9,True,0.54,0.05
1096,87,408,knowledge,0.9067,0.091894,0.9,True,0.54,0.05
1097,87,292,knowledge,0.92,0.093242,0.9,True,0.54,0.05
1098,87,427,knowledge,0.8533,0.086482,0.9,False,0.0,0.0
1099,87,436,knowledge,0.6933,0.070266,0.8,False,0.0,0.0
1100,87,321,knowledge,0.8667,0.08784,0.9,True,0.54,0.05
1101,87,410,knowledge,0.7867,0.079732,0.9,False,0.0,0.0
1102,27,25,Language,0.7529,0.067864,0.9,True,0.54,0.05
1103,27,12,Language,0.4471,0.0403,0.65,False,0.0,0.0
1104,27,3,Language,0.6118,0.055146,0.8,False,0.0,0.0
1105,27,15,Language,0.2588,0.023328,0.5,False,0.0,0.0
1106,27,96,software,0.8471,0.076355,0.9,True,0.54,0.05
1107,27,251,software,0.8,0.07211,0.9,True,0.54,0.05
1108,27,68,software,0.8235,0.074228,0.9,True,0.54,0.05
1109,27,36,software,0.6471,0.058328,0.8,False,0.0,0.0
1110,27,126,software,0.5647,0.0509,0.8,False,0.0,0.0
1111,27,273,software,0.3765,0.033937,0.65,False,0.0,0.0
1112,27,172,software,0.3294,0.029691,0.65,False,0.0,0.0
1113,27,194,framework,0.1412,0.012727,0.35,False,0.0,0.0
1114,27,242,framework,0.1765,0.015909,0.5,False,0.0,0.0
1115,27,280,knowledge,0.8941,0.080592,0.9,True,0.54,0.05
1116,27,345,knowledge,0.7647,0.068928,0.9,True,0.54,0.05
1117,27,379,knowledge,0.6353,0.057264,0.8,False,0.0,0.0
1118,27,363,knowledge,0.5294,0.047719,0.8,False,0.0,0.0
1119,27,351,knowledge,0.7294,0.065746,0.9,False,0.0,0.0
1120,27,270,knowledge,0.4118,0.037118,0.65,False,0.0,0.0
1121,27,288,knowledge,0.3529,0.031809,0.65,False,0.0,0.0
1122,20,15,Language,0.6471,0.075141,0.8,True,0.48,0.05
1123,20,5,Language,0.4,0.046448,0.65,False,0.0,0.0
1124,20,25,Language,0.3294,0.03825,0.65,False,0.0,0.0
1125,20,35,Language,0.2824,0.032792,0.5,False,0.0,0.0
1126,20,36,software,0.5882,0.068302,0.8,True,0.48,0.05
1127,20,96,software,0.5647,0.065573,0.8,True,0.48,0.05
1128,20,273,software,0.5412,0.062844,0.8,False,0.0,0.0
1129,20,68,software,0.4706,0.054646,0.65,False,0.0,0.0
1130,20,174,software,0.2941,0.034151,0.5,False,0.0,0.0
1131,20,242,framework,0.5294,0.061474,0.8,False,0.0,0.0
1132,20,163,framework,0.3529,0.040979,0.65,False,0.0,0.0
1133,20,231,framework,0.2353,0.027323,0.5,False,0.0,0.0
1134,20,363,knowledge,0.8471,0.098365,0.9,True,0.54,0.05
1135,20,286,knowledge,0.8,0.092896,0.9,True,0.54,0.05
1136,20,270,knowledge,0.5294,0.061474,0.8,False,0.0,0.0
1137,20,280,knowledge,0.4941,0.057375,0.65,False,0.0,0.0
1138,20,316,knowledge,0.3765,0.043719,0.65,False,0.0,0.0
1139,20,407,knowledge,0.3294,0.03825,0.65,False,0.0,0.0
1140,38,15,Language,0.6154,0.065755,0.8,False,0.0,0.0
1141,38,30,Language,0.4872,0.052057,0.65,False,0.0,0.0
1142,38,25,Language,0.4359,0.046575,0.65,False,0.0,0.0
1143,38,36,software,0.7051,0.075339,0.9,True,0.54,0.05
1144,38,273,software,0.6667,0.071236,0.8,False,0.0,0.0
1145,38,96,software,0.5897,0.063009,0.8,False,0.0,0.0
1146,38,68,software,0.5641,0.060274,0.8,False,0.0,0.0
1147,38,251,software,0.4615,0.049311,0.65,False,0.0,0.0
1148,38,242,framework,0.359,0.038359,0.65,False,0.0,0.0
1149,38,215,framework,0.2308,0.024661,0.5,False,0.0,0.0
1150,38,286,knowledge,0.9231,0.098632,0.9,True,0.54,0.05
1151,38,363,knowledge,0.8205,0.08767,0.9,True,0.54,0.05
1152,38,264,knowledge,0.7436,0.079453,0.9,True,0.54,0.05
1153,38,312,knowledge,0.641,0.06849,0.8,False,0.0,0.0
1154,38,406,knowledge,0.5769,0.061641,0.8,False,0.0,0.0
1155,38,270,knowledge,0.5385,0.057538,0.8,False,0.0,0.0
1156,65,26,Language,0.7436,0.096506,0.9,True,0.54,0.05
1157,65,25,Language,0.6667,0.086526,0.8,True,0.48,0.05
1158,65,30,Language,0.5769,0.074872,0.8,True,0.48,0.05
1159,65,133,software,0.3974,0.051576,0.65,False,0.0,0.0
1160,65,73,software,0.5128,0.066552,0.8,False,0.0,0.0
1161,65,147,software,0.2436,0.031615,0.5,False,0.0,0.0
1162,65,123,software,0.3077,0.039934,0.65,False,0.0,0.0
1163,65,220,framework,0.2821,0.036612,0.5,False,0.0,0.0
1164,65,238,framework,0.2308,0.029954,0.5,False,0.0,0.0
1165,65,250,framework,0.1538,0.019961,0.5,False,0.0,0.0
1166,65,412,knowledge,0.8333,0.108148,0.9,True,0.54,0.05
1167,65,356,knowledge,0.5385,0.069888,0.8,False,0.0,0.0
1168,65,335,knowledge,0.4872,0.06323,0.65,False,0.0,0.0
1169,65,285,knowledge,0.1795,0.023296,0.5,False,0.0,0.0
1170,65,303,knowledge,0.4231,0.054911,0.65,False,0.0,0.0
1171,65,278,knowledge,0.2564,0.033276,0.5,False,0.0,0.0
1172,65,321,knowledge,0.8718,0.113144,0.9,True,0.54,0.05
1173,43,25,Language,0.2154,0.030437,0.5,False,0.0,0.0
1174,43,3,Language,0.2923,0.041303,0.5,False,0.0,0.0
1175,43,24,Language,0.1538,0.021732,0.5,False,0.0,0.0
1176,43,113,software,0.6462,0.09131,0.8,True,0.48,0.05
1177,43,67,software,0.5846,0.082606,0.8,False,0.0,0.0
1178,43,152,software,0.4769,0.067387,0.65,False,0.0,0.0
1179,43,151,software,0.4462,0.063049,0.65,False,0.0,0.0
1180,43,172,software,0.1692,0.023908,0.5,False,0.0,0.0
1181,43,62,software,0.2462,0.034789,0.5,False,0.0,0.0
1182,43,49,software,0.4308,0.060873,0.65,False,0.0,0.0
1183,43,398,knowledge,0.9538,0.134775,0.9,True,0.54,0.05
1184,43,325,knowledge,0.7385,0.104352,0.9,True,0.54,0.05
1185,43,275,knowledge,0.7846,0.110866,0.9,True,0.54,0.05
1186,43,286,knowledge,0.4154,0.058697,0.65,False,0.0,0.0
1187,43,351,knowledge,0.5231,0.073916,0.8,False,0.0,0.0
1188,35,3,Language,0.84,0.106599,0.9,True,0.54,0.05
1189,35,25,Language,0.6,0.076142,0.8,False,0.0,0.0
1190,35,68,software,0.6667,0.084607,0.8,True,0.48,0.05
1191,35,96,software,0.5333,0.067678,0.8,False,0.0,0.0
1192,35,151,software,0.5067,0.064302,0.8,False,0.0,0.0
1193,35,330,software,0.3733,0.047373,0.65,False,0.0,0.0
1194,35,172,framework,0.6933,0.087982,0.8,True,0.48,0.05
1195,35,251,framework,0.4667,0.059226,0.65,False,0.0,0.0
1196,35,351,knowledge,1,0.126904,0.9,True,0.54,0.05
1197,35,372,knowledge,0.56,0.071066,0.8,False,0.0,0.0
1198,35,286,knowledge,0.48,0.060914,0.65,False,0.0,0.0
1199,35,293,knowledge,0.4267,0.05415,0.65,False,0.0,0.0
1200,35,280,knowledge,0.4,0.050761,0.65,False,0.0,0.0
1201,35,342,knowledge,0.3333,0.042297,0.65,False,0.0,0.0
1202,36,24,Language,0.7647,0.093794,0.9,False,0.0,0.0
1203,36,135,Language,0.3529,0.043285,0.65,False,0.0,0.0
1204,36,155,software,0.9647,0.118325,0.9,True,0.54,0.05
1205,36,37,software,0.9294,0.113995,0.9,True,0.54,0.05
1206,36,151,software,0.8471,0.1039,0.9,False,0.0,0.0
1207,36,103,software,0.7059,0.086582,0.9,False,0.0,0.0
1208,36,152,software,0.6471,0.07937,0.8,False,0.0,0.0
1209,36,223,framework,0.1412,0.017319,0.35,False,0.0,0.0
1210,36,372,knowledge,0.8824,0.10823,0.9,True,0.54,0.05
1211,36,273,knowledge,0.8,0.098123,0.9,False,0.0,0.0
1212,36,294,knowledge,0.5882,0.072145,0.8,False,0.0,0.0
1213,36,342,knowledge,0.5294,0.064933,0.8,False,0.0,0.0
1214,44,25,Language,0.6154,0.106432,0.8,True,0.48,0.05
1215,44,3,Language,0.4872,0.08426,0.65,False,0.0,0.0
1216,44,351,software,0.7051,0.121945,0.9,True,0.54,0.05
1217,44,69,software,0.5256,0.090901,0.8,False,0.0,0.0
1218,44,41,software,0.4359,0.075388,0.65,False,0.0,0.0
1219,44,156,software,0.3205,0.05543,0.65,False,0.0,0.0
1220,44,151,software,0.2821,0.048789,0.5,False,0.0,0.0
1221,44,164,framework,0.1538,0.026599,0.5,False,0.0,0.0
1222,44,286,knowledge,0.6667,0.115304,0.8,True,0.48,0.05
1223,44,372,knowledge,0.5769,0.099773,0.8,False,0.0,0.0
1224,44,294,knowledge,0.4103,0.07096,0.65,False,0.0,0.0
1225,44,280,knowledge,0.3718,0.064302,0.65,False,0.0,0.0
1226,44,270,knowledge,0.2308,0.039916,0.5,False,0.0,0.0
1227,96,30,Language,0.5333,0.076332,0.8,False,0.0,0.0
1228,96,25,Language,0.4267,0.061074,0.65,False,0.0,0.0
1229,96,15,Language,0.2933,0.04198,0.5,False,0.0,0.0
1230,96,93,software,0.6533,0.093508,0.8,True,0.48,0.05
1231,96,63,software,0.4667,0.066799,0.65,False,0.0,0.0
1232,96,105,software,0.2667,0.038173,0.5,False,0.0,0.0
1233,96,124,software,0.24,0.034351,0.5,False,0.0,0.0
1234,96,242,framework,0.2,0.028626,0.5,False,0.0,0.0
1235,96,231,framework,0.16,0.022901,0.5,False,0.0,0.0
1236,96,270,knowledge,0.9067,0.129777,0.9,True,0.54,0.05
1237,96,401,knowledge,0.7733,0.110683,0.9,True,0.54,0.05
1238,96,286,knowledge,0.6933,0.099233,0.8,True,0.48,0.05
1239,96,414,knowledge,0.6,0.085879,0.8,False,0.0,0.0
1240,96,363,knowledge,0.4,0.057252,0.65,False,0.0,0.0
1241,96,280,knowledge,0.3733,0.053431,0.65,False,0.0,0.0
1242,88,321,Language,1,0.143172,0.9,True,0.54,0.05
1243,88,14,Language,0.75,0.107379,0.9,True,0.54,0.05
1244,88,13,Language,0.1406,0.02013,0.35,False,0.0,0.0
1245,88,76,software,0.8125,0.116327,0.9,True,0.54,0.05
1246,88,93,software,0.4219,0.060404,0.65,False,0.0,0.0
1247,88,109,software,0.3281,0.046975,0.65,False,0.0,0.0
1248,88,80,software,0.0938,0.01343,0.35,False,0.0,0.0
1249,88,270,framework,0.375,0.05369,0.65,False,0.0,0.0
1250,88,428,knowledge,0.7969,0.114094,0.9,True,0.54,0.05
1251,88,270,framework,0.6563,0.093964,0.8,False,0.0,0.0
1252,88,291,knowledge,0.6094,0.087249,0.8,False,0.0,0.0
1253,88,420,knowledge,0.4844,0.069353,0.65,False,0.0,0.0
1254,88,268,knowledge,0.2813,0.040274,0.5,False,0.0,0.0
1255,88,309,knowledge,0.2344,0.03356,0.5,False,0.0,0.0
1256,42,25,Language,0.4634,0.065856,0.65,False,0.0,0.0
1257,42,24,Language,0.4024,0.057187,0.65,False,0.0,0.0
1258,42,3,Language,0.2317,0.032928,0.5,False,0.0,0.0
1259,42,151,software,0.8293,0.117855,0.9,True,0.54,0.05
1260,42,172,software,0.5122,0.072791,0.8,False,0.0,0.0
1261,42,251,software,0.4268,0.060654,0.65,False,0.0,0.0
1262,42,152,software,0.378,0.053719,0.65,False,0.0,0.0
1263,42,273,software,0.3659,0.052,0.65,False,0.0,0.0
1264,42,68,software,0.3415,0.048532,0.65,False,0.0,0.0
1265,42,96,software,0.3049,0.043331,0.65,False,0.0,0.0
1266,42,222,framework,0.2927,0.041597,0.5,False,0.0,0.0
1267,42,286,knowledge,0.7073,0.100517,0.9,True,0.54,0.05
1268,42,351,knowledge,0.6585,0.093582,0.8,True,0.48,0.05
1269,42,321,knowledge,0.6098,0.086661,0.8,True,0.48,0.05
1270,42,398,knowledge,0.2683,0.038129,0.5,False,0.0,0.0
1271,42,342,knowledge,0.2439,0.034662,0.5,False,0.0,0.0
1272,79,25,Language,0.56,0.082516,0.8,False,0.0,0.0
1273,79,24,Language,0.4,0.05894,0.65,False,0.0,0.0
1274,79,3,Language,0.3333,0.049111,0.65,False,0.0,0.0
1275,79,128,software,0.7333,0.108051,0.9,True,0.54,0.05
1276,79,148,software,0.64,0.094303,0.8,False,0.0,0.0
1277,79,142,software,0.4267,0.062874,0.65,False,0.0,0.0
1278,79,352,framework,0.3733,0.055005,0.65,False,0.0,0.0
1279,79,282,knowledge,0.9067,0.133602,0.9,True,0.54,0.05
1280,79,368,knowledge,0.6,0.08841,0.8,False,0.0,0.0
1281,79,377,knowledge,0.5067,0.074662,0.8,False,0.0,0.0
1282,79,288,knowledge,0.5333,0.078581,0.8,False,0.0,0.0
1283,79,382,knowledge,0.7733,0.113945,0.9,True,0.54,0.05
1284,25,22,Language,0.8529,0.101216,0.9,True,0.54,0.05
1285,25,13,Language,0.9118,0.108206,0.9,True,0.54,0.05
1286,25,16,Language,0.8088,0.095983,0.9,True,0.54,0.05
1287,25,30,Language,0.7059,0.083771,0.9,False,0.0,0.0
1288,25,158,software,1,0.118673,0.9,True,0.54,0.05
1289,25,330,software,0.6176,0.073293,0.8,False,0.0,0.0
1290,25,71,software,0.4559,0.054103,0.65,False,0.0,0.0
1291,25,257,framework,0.5,0.059337,0.8,False,0.0,0.0
1292,25,178,framework,0.4118,0.04887,0.65,False,0.0,0.0
1293,25,231,framework,0.2647,0.031413,0.5,False,0.0,0.0
1294,25,206,framework,0.2206,0.026179,0.5,False,0.0,0.0
1295,25,402,knowledge,0.5147,0.061081,0.8,False,0.0,0.0
1296,25,421,knowledge,0.4265,0.050614,0.65,False,0.0,0.0
1297,25,390,knowledge,0.3824,0.045381,0.65,False,0.0,0.0
1298,25,383,knowledge,0.3529,0.04188,0.65,False,0.0,0.0
